#,Full Move,Hex,Move,Guaranteed,Tutor,Lvl40,TM,G8,Custom,Status,Placement,Order,Badges,Tier
1,MOVE_POUND,0x1,POUND,N,,,,,,,,,,
2,MOVE_KARATECHOP,0x2,KARATECHOP,N,,,,,,,,,,
3,MOVE_DOUBLESLAP,0x3,DOUBLESLAP,N,,,,,,,,,,
4,MOVE_COMETPUNCH,0x4,COMETPUNCH,N,,,,,,,,,,
5,MOVE_MEGAPUNCH,0x5,MEGAPUNCH,N,,,,,,,,,,
6,MOVE_PAYDAY,0x6,PAYDAY,N,,,,,,,,,,
7,MOVE_FIREPUNCH,0x7,FIREPUNCH,Y,Route 4,,,,y,compiled,Route 4,7,1,1-A
8,MOVE_ICEPUNCH,0x8,ICEPUNCH,Y,Victory Road,,,,n,COMPILED,Victory Road - Double-Edge,35,8,1-A
9,MOVE_THUNDERPUNCH,0x9,THUNDERPUNCH,Y,Route 4,,,,y,compiled,Route 4,6,1,1-A
10,MOVE_SCRATCH,0xA,SCRATCH,N,,,,,,,,,,
11,MOVE_VICEGRIP,0xB,VICEGRIP,N,,,,,,,,,,
12,MOVE_GUILLOTINE,0xC,GUILLOTINE,N,,,,,,,,,,
13,MOVE_RAZORWIND,0xD,RAZORWIND,N,,,,,,,,,,
14,MOVE_SWORDSDANCE,0xE,SWORDSDANCE,Y,,,75,,,,,,,
15,MOVE_CUT,0xF,CUT,Y,,,121,,,,,,,
16,MOVE_GUST,0x10,GUST,N,,,,,,,,,,
17,MOVE_WINGATTACK,0x11,WINGATTACK,N,,,,,,,,,,
18,MOVE_WHIRLWIND,0x12,WHIRLWIND,N,,,,,,,,,,
19,MOVE_FLY,0x13,FLY,Y,,,122,,,,,,,
20,MOVE_BIND,0x14,BIND,N,,,,,,,,,,
21,MOVE_SLAM,0x15,SLAM,N,,,,,,,,,,
22,MOVE_VINEWHIP,0x16,VINEWHIP,N,,,,,,,,,,
23,MOVE_STOMP,0x17,STOMP,N,,,,,,,,,,
24,MOVE_DOUBLEKICK,0x18,DOUBLEKICK,N,,,,,,,,,,
25,MOVE_MEGAKICK,0x19,MEGAKICK,N,,,,,,,,,,
26,MOVE_JUMPKICK,0x1A,JUMPKICK,N,,,,,,,,,,
27,MOVE_ROLLINGKICK,0x1B,ROLLINGKICK,N,,,,,,,,,,
28,MOVE_SANDATTACK,0x1C,SANDATTACK,N,,,,,,,,,,
29,MOVE_HEADBUTT,0x1D,HEADBUTT,N,,,,,,,,,,
30,MOVE_HORNATTACK,0x1E,HORNATTACK,N,,,,,,,,,,
31,MOVE_FURYATTACK,0x1F,FURYATTACK,N,,,,,,,,,,
32,MOVE_HORNDRILL,0x20,HORNDRILL,N,,,,,,,,,,
33,MOVE_TACKLE,0x21,TACKLE,N,,,,,,,,,,
34,MOVE_BODYSLAM,0x22,BODYSLAM,Y,Pewter City (requires cut),,,,n,COMPILED,Pewter City - Seismic Toss,5,0,1-A
35,MOVE_WRAP,0x23,WRAP,N,,,,,,,,,,
36,MOVE_TAKEDOWN,0x24,TAKEDOWN,N,,,,,,,,,,
37,MOVE_THRASH,0x25,THRASH,N,,,,,,,,,,
38,MOVE_DOUBLEEDGE,0x26,DOUBLEEDGE,N,,,,,,,,,,
39,MOVE_TAILWHIP,0x27,TAILWHIP,N,,,,,,,,,,
40,MOVE_POISONSTING,0x28,POISONSTING,N,,,,,,,,,,
41,MOVE_TWINEEDLE,0x29,TWINEEDLE,N,,,,,,,,,,
42,MOVE_PINMISSILE,0x2A,PINMISSILE,N,,,,,,,,,,
43,MOVE_LEER,0x2B,LEER,N,,,,,,,,,,
44,MOVE_BITE,0x2C,BITE,N,,,,,,,,,,
45,MOVE_GROWL,0x2D,GROWL,N,,,,,,,,,,
46,MOVE_ROAR,0x2E,ROAR,Y,,,5,,,,,,,
47,MOVE_SING,0x2F,SING,N,,,,,,,,,,
48,MOVE_SUPERSONIC,0x30,SUPERSONIC,N,,,,,,,,,,
49,MOVE_SONICBOOM,0x31,SONICBOOM,N,,,,,,,,,,
50,MOVE_DISABLE,0x32,DISABLE,N,,,,,,,,,,
51,MOVE_ACID,0x33,ACID,N,,,,,,,,,,
52,MOVE_EMBER,0x34,EMBER,N,,,,,,,,,,
53,MOVE_FLAMETHROWER,0x35,FLAMETHROWER,Y,,,35,,,,,,,
54,MOVE_MIST,0x36,MIST,N,,,,,,,,,,
55,MOVE_WATERGUN,0x37,WATERGUN,N,,,,,,,,,,
56,MOVE_HYDROPUMP,0x38,HYDROPUMP,Y,Cinnabar Island Lab R2,,,,n,COMPILED,Cinnabar Island Lab R2,26,6,1-A
57,MOVE_SURF,0x39,SURF,Y,,,123,,,,,,,
58,MOVE_ICEBEAM,0x3A,ICEBEAM,Y,,,13,,,,,,,
59,MOVE_BLIZZARD,0x3B,BLIZZARD,Y,,,14,,,,,,,
60,MOVE_PSYBEAM,0x3C,PSYBEAM,N,,,,,,,,,,
61,MOVE_BUBBLEBEAM,0x3D,BUBBLEBEAM,N,,,,,,,,,,
62,MOVE_AURORABEAM,0x3E,AURORABEAM,N,,,,,,,,,,
63,MOVE_HYPERBEAM,0x3F,HYPERBEAM,Y,,,15,,,,,,,
64,MOVE_PECK,0x40,PECK,N,,,,,,,,,,
65,MOVE_DRILLPECK,0x41,DRILLPECK,N,,,,,,,,,,
66,MOVE_SUBMISSION,0x42,SUBMISSION,N,,,,,,,,,,
67,MOVE_LOWKICK,0x43,LOWKICK,N,,,,,,,,,,
68,MOVE_COUNTER,0x44,COUNTER,N,,,,,,,,,,
69,MOVE_SEISMICTOSS,0x45,SEISMICTOSS,N,,,,,,,,,,
70,MOVE_STRENGTH,0x46,STRENGTH,Y,,,124,,,,,,,
71,MOVE_ABSORB,0x47,ABSORB,N,,,,,,,,,,
72,MOVE_MEGADRAIN,0x48,MEGADRAIN,N,,,,,,,,,,
73,MOVE_LEECHSEED,0x49,LEECHSEED,N,,,,,,,,,,
74,MOVE_GROWTH,0x4A,GROWTH,N,,,,,,,,,,
75,MOVE_RAZORLEAF,0x4B,RAZORLEAF,N,,,,,,,,,,
76,MOVE_SOLARBEAM,0x4C,SOLARBEAM,Y,,,22,,,,,,,
77,MOVE_POISONPOWDER,0x4D,POISONPOWDER,N,,,,,,,,,,
78,MOVE_STUNSPORE,0x4E,STUNSPORE,N,,,,,,,,,,
79,MOVE_SLEEPPOWDER,0x4F,SLEEPPOWDER,N,,,,,,,,,,
80,MOVE_PETALDANCE,0x50,PETALDANCE,N,,,,,,,,,,
81,MOVE_STRINGSHOT,0x51,STRINGSHOT,N,,,,,,,,,,
82,MOVE_DRAGONRAGE,0x52,DRAGONRAGE,N,,,,,,,,,,
83,MOVE_FIRESPIN,0x53,FIRESPIN,N,,,,,,,,,,
84,MOVE_THUNDERSHOCK,0x54,THUNDERSHOCK,N,,,,,,,,,,
85,MOVE_THUNDERBOLT,0x55,THUNDERBOLT,Y,,,24,,,,,,,
86,MOVE_THUNDERWAVE,0x56,THUNDERWAVE,Y,,,73,,,,,,,
87,MOVE_THUNDER,0x57,THUNDER,Y,,,25,,,,,,,
88,MOVE_ROCKTHROW,0x58,ROCKTHROW,N,,,,,,,,,,
89,MOVE_EARTHQUAKE,0x59,EARTHQUAKE,Y,,,26,,,,,,,
90,MOVE_FISSURE,0x5A,FISSURE,N,,,,,,,,,,
91,MOVE_DIG,0x5B,DIG,Y,,,28,,,,,,,
92,MOVE_TOXIC,0x5C,TOXIC,Y,,,6,,,,,,,
93,MOVE_CONFUSION,0x5D,CONFUSION,N,,,,,,,,,,
94,MOVE_PSYCHIC,0x5E,PSYCHIC,Y,,,29,,,,,,,
95,MOVE_HYPNOSIS,0x5F,HYPNOSIS,N,,,,,,,,,,
96,MOVE_MEDITATE,0x60,MEDITATE,N,,,,,,,,,,
97,MOVE_AGILITY,0x61,AGILITY,Y,Pewter City (requires cut),,,,n,COMPILED,Pewter City - Seismic Toss,4,0,2-B
98,MOVE_QUICKATTACK,0x62,QUICKATTACK,N,,,,,,,,,,
99,MOVE_RAGE,0x63,RAGE,N,,,,,,,,,,
100,MOVE_TELEPORT,0x64,TELEPORT,N,,,,,,,,,,
101,MOVE_NIGHTSHADE,0x65,NIGHTSHADE,N,,,,,,,,,,
102,MOVE_MIMIC,0x66,MIMIC,N,,,,,,,,,,
103,MOVE_SCREECH,0x67,SCREECH,N,,,,,,,,,,
104,MOVE_DOUBLETEAM,0x68,DOUBLETEAM,Y,,,32,,,,,,,
105,MOVE_RECOVER,0x69,RECOVER,N,,,,,,,,,,
106,MOVE_HARDEN,0x6A,HARDEN,N,,,,,,,,,,
107,MOVE_MINIMIZE,0x6B,MINIMIZE,N,,,,,,,,,,
108,MOVE_SMOKESCREEN,0x6C,SMOKESCREEN,N,,,,,,,,,,
109,MOVE_CONFUSERAY,0x6D,CONFUSERAY,N,,,,,,,,,,
110,MOVE_WITHDRAW,0x6E,WITHDRAW,N,,,,,,,,,,
111,MOVE_DEFENSECURL,0x6F,DEFENSECURL,N,,,,,,,,,,
112,MOVE_BARRIER,0x70,BARRIER,N,,,,,,,,,,
113,MOVE_LIGHTSCREEN,0x71,LIGHTSCREEN,Y,,,16,,,,,,,
114,MOVE_HAZE,0x72,HAZE,N,,,,,,,,,,
115,MOVE_REFLECT,0x73,REFLECT,Y,,,33,,,,,,,
116,MOVE_FOCUSENERGY,0x74,FOCUSENERGY,N,,,,,,,,,,
117,MOVE_BIDE,0x75,BIDE,N,,,,,,,,,,
118,MOVE_METRONOME,0x76,METRONOME,N,,,,,,,,,,
119,MOVE_MIRRORMOVE,0x77,MIRRORMOVE,N,,,,,,,,,,
120,MOVE_SELFDESTRUCT,0x78,SELFDESTRUCT,N,,,,,,,,,,
121,MOVE_EGGBOMB,0x79,EGGBOMB,N,,,,,,,,,,
122,MOVE_LICK,0x7A,LICK,N,,,,,,,,,,
123,MOVE_SMOG,0x7B,SMOG,N,,,,,,,,,,
124,MOVE_SLUDGE,0x7C,SLUDGE,N,,,,,,,,,,
125,MOVE_BONECLUB,0x7D,BONECLUB,N,,,,,,,,,,
126,MOVE_FIREBLAST,0x7E,FIREBLAST,Y,,,38,,,,,,,
127,MOVE_WATERFALL,0x7F,WATERFALL,N,,,127,,,,,,,
128,MOVE_CLAMP,0x80,CLAMP,N,,,,,,,,,,
129,MOVE_SWIFT,0x81,SWIFT,N,,,,,,,,,,
130,MOVE_SKULLBASH,0x82,SKULLBASH,N,,,,,,,,,,
131,MOVE_SPIKECANNON,0x83,SPIKECANNON,N,,,,,,,,,,
132,MOVE_CONSTRICT,0x84,CONSTRICT,N,,,,,,,,,,
133,MOVE_AMNESIA,0x85,AMNESIA,N,,,,,,,,,,
134,MOVE_KINESIS,0x86,KINESIS,N,,,,,,,,,,
135,MOVE_SOFTBOILED,0x87,SOFTBOILED,N,,,,,,,,,,
136,MOVE_HIGHJUMPKICK,0x88,HIGHJUMPKICK,N,,,,,,,,,,
137,MOVE_GLARE,0x89,GLARE,N,,,,,,,,,,
138,MOVE_DREAMEATER,0x8A,DREAMEATER,Y,,,85,,,,,,,
139,MOVE_POISONGAS,0x8B,POISONGAS,N,,,,,,,,,,
140,MOVE_BARRAGE,0x8C,BARRAGE,N,,,,,,,,,,
141,MOVE_LEECHLIFE,0x8D,LEECHLIFE,N,,,,,,,,,,
142,MOVE_LOVELYKISS,0x8E,LOVELYKISS,N,,,,,,,,,,
143,MOVE_SKYATTACK,0x8F,SKYATTACK,N,,,,,,,,,,
144,MOVE_TRANSFORM,0x90,TRANSFORM,N,,,,,,,,,,
145,MOVE_BUBBLE,0x91,BUBBLE,N,,,,,,,,,,
146,MOVE_DIZZYPUNCH,0x92,DIZZYPUNCH,N,,,,,,,,,,
147,MOVE_SPORE,0x93,SPORE,N,,,,,,,,,,
148,MOVE_FLASH,0x94,FLASH,Y,,,70,,,,,,,
149,MOVE_PSYWAVE,0x95,PSYWAVE,N,,,,,,,,,,
150,MOVE_SPLASH,0x96,SPLASH,N,,,,,,,,,,
151,MOVE_ACIDARMOR,0x97,ACIDARMOR,N,,,,,,,,,,
152,MOVE_CRABHAMMER,0x98,CRABHAMMER,N,,,,,,,,,,
153,MOVE_EXPLOSION,0x99,EXPLOSION,Y,,,64,,,,,,,
154,MOVE_FURYSWIPES,0x9A,FURYSWIPES,N,,,,,,,,,,
155,MOVE_BONEMERANG,0x9B,BONEMERANG,N,,,,,,,,,,
156,MOVE_REST,0x9C,REST,Y,,,44,,,,,,,
157,MOVE_ROCKSLIDE,0x9D,ROCKSLIDE,Y,,,80,,,,,,,
158,MOVE_HYPERFANG,0x9E,HYPERFANG,N,,,,,,,,,,
159,MOVE_SHARPEN,0x9F,SHARPEN,N,,,,,,,,,,
160,MOVE_CONVERSION,0xA0,CONVERSION,N,,,,,,,,,,
161,MOVE_TRIATTACK,0xA1,TRIATTACK,N,,,,,,,,,,
162,MOVE_SUPERFANG,0xA2,SUPERFANG,N,,,,,,,,,,
163,MOVE_SLASH,0xA3,SLASH,N,,,,,,,,,,
164,MOVE_SUBSTITUTE,0xA4,SUBSTITUTE,Y,,,90,,,,,,,
165,MOVE_STRUGGLE,0xA5,STRUGGLE,N,,,,,,,,,,
166,MOVE_SKETCH,0xA6,SKETCH,N,,,,,,,,,,
167,MOVE_TRIPLEKICK,0xA7,TRIPLEKICK,N,,,,,,,,,,
168,MOVE_THIEF,0xA8,THIEF,Y,,,46,,,,,,,
169,MOVE_SPIDERWEB,0xA9,SPIDERWEB,N,,,,,,,,,,
170,MOVE_MINDREADER,0xAA,MINDREADER,N,,,,,,,,,,
171,MOVE_NIGHTMARE,0xAB,NIGHTMARE,N,,,,,,,,,,
172,MOVE_FLAMEWHEEL,0xAC,FLAMEWHEEL,N,,,,,,,,,,
173,MOVE_SNORE,0xAD,SNORE,N,,,,,,,,,,
174,MOVE_CURSE,0xAE,CURSE,N,,,,,,,,,,
175,MOVE_FLAIL,0xAF,FLAIL,N,,,,,,,,,,
176,MOVE_CONVERSION2,0xB0,CONVERSION2,N,,,,,,,,,,
177,MOVE_AEROBLAST,0xB1,AEROBLAST,N,,,,,,,,,,
178,MOVE_COTTONSPORE,0xB2,COTTONSPORE,N,,,,,,,,,,
179,MOVE_REVERSAL,0xB3,REVERSAL,N,,,,,,,,,,
180,MOVE_SPITE,0xB4,SPITE,N,,,,,,,,,,
181,MOVE_POWDERSNOW,0xB5,POWDERSNOW,N,,,,,,,,,,
182,MOVE_PROTECT,0xB6,PROTECT,Y,,,17,,,,,,,
183,MOVE_MACHPUNCH,0xB7,MACHPUNCH,N,,,,,,,,,,
184,MOVE_SCARYFACE,0xB8,SCARYFACE,N,,,,,,,,,,
185,MOVE_FEINTATTACK,0xB9,FEINTATTACK,N,,,,,,,,,,
186,MOVE_SWEETKISS,0xBA,SWEETKISS,N,,,,,,,,,,
187,MOVE_BELLYDRUM,0xBB,BELLYDRUM,N,,,,,,,,,,
188,MOVE_SLUDGEBOMB,0xBC,SLUDGEBOMB,Y,,,36,,,,,,,
189,MOVE_MUDSLAP,0xBD,MUDSLAP,N,,,,,,,,,,
190,MOVE_OCTAZOOKA,0xBE,OCTAZOOKA,N,,,,,,,,,,
191,MOVE_SPIKES,0xBF,SPIKES,Y,Saffron City,,,,n,COMPILED,Saffron House,17,5,2-B
192,MOVE_ZAPCANNON,0xC0,ZAPCANNON,N,,,,,,,,,,
193,MOVE_FORESIGHT,0xC1,FORESIGHT,N,,,,,,,,,,
194,MOVE_DESTINYBOND,0xC2,DESTINYBOND,N,,,,,,,,,,
195,MOVE_PERISHSONG,0xC3,PERISHSONG,N,,,,,,,,,,
196,MOVE_ICYWIND,0xC4,ICYWIND,N,,,,,,,,,,
197,MOVE_DETECT,0xC5,DETECT,N,,,,,,,,,,
198,MOVE_BONERUSH,0xC6,BONERUSH,N,,,,,,,,,,
199,MOVE_LOCKON,0xC7,LOCKON,N,,,,,,,,,,
200,MOVE_OUTRAGE,0xC8,OUTRAGE,Y,Cinnabar Island Lab R3,,,,n,COMPILED,Cape Brink,32,7,1-A
201,MOVE_SANDSTORM,0xC9,SANDSTORM,Y,,,37,,,,,,,
202,MOVE_GIGADRAIN,0xCA,GIGADRAIN,Y,,,19,,,,,,,
203,MOVE_ENDURE,0xCB,ENDURE,Y,,,58,,,,,,,
204,MOVE_CHARM,0xCC,CHARM,N,,,,,,,,,,
205,MOVE_ROLLOUT,0xCD,ROLLOUT,N,,,,,,,,,,
206,MOVE_FALSESWIPE,0xCE,FALSESWIPE,Y,,,54,,,,,,,
207,MOVE_SWAGGER,0xCF,SWAGGER,Y,,,87,,,,,,,
208,MOVE_MILKDRINK,0xD0,MILKDRINK,N,,,,,,,,,,
209,MOVE_SPARK,0xD1,SPARK,N,,,,,,,,,,
210,MOVE_FURYCUTTER,0xD2,FURYCUTTER,N,,,,,,,,,,
211,MOVE_STEELWING,0xD3,STEELWING,Y,,,47,,,,,,,
212,MOVE_MEANLOOK,0xD4,MEANLOOK,N,,,,,,,,,,
213,MOVE_ATTRACT,0xD5,ATTRACT,Y,,,45,,,,,,,
214,MOVE_SLEEPTALK,0xD6,SLEEPTALK,Y,,,82,,,,,,,
215,MOVE_HEALBELL,0xD7,HEALBELL,N,,,,,,,,,,
216,MOVE_RETURN,0xD8,RETURN,Y,,,27,,,,,,,
217,MOVE_PRESENT,0xD9,PRESENT,N,,,,,,,,,,
218,MOVE_FRUSTRATION,0xDA,FRUSTRATION,Y,,,21,,,,,,,
219,MOVE_SAFEGUARD,0xDB,SAFEGUARD,Y,,,20,,,,,,,
220,MOVE_PAINSPLIT,0xDC,PAINSPLIT,Y,Viridian City (requires cut),,,,n,COMPILED,Viridian City - Dream Eater,1,0,2-B
221,MOVE_SACREDFIRE,0xDD,SACREDFIRE,N,,,,,,,,,,
222,MOVE_MAGNITUDE,0xDE,MAGNITUDE,N,,,,,,,,,,
223,MOVE_DYNAMICPUNCH,0xDF,DYNAMICPUNCH,N,,,,,,,,,,
224,MOVE_MEGAHORN,0xE0,MEGAHORN,N,,,,,,,,,,
225,MOVE_DRAGONBREATH,0xE1,DRAGONBREATH,N,,,,,,,,,,
226,MOVE_BATONPASS,0xE2,BATONPASS,Y,Fuchsia City,,,,n,COMPILED,Fuchsia City - Substitute,14,4,0-S
227,MOVE_ENCORE,0xE3,ENCORE,Y,Saffron City,,,,y,compiled,Saffron City Copycat,15,5,2-B
228,MOVE_PURSUIT,0xE4,PURSUIT,N,,,,,,,,,,
229,MOVE_RAPIDSPIN,0xE5,RAPIDSPIN,N,,,,,,,,,,
230,MOVE_SWEETSCENT,0xE6,SWEETSCENT,N,,,,,,,,,,
231,MOVE_IRONTAIL,0xE7,IRONTAIL,Y,,,23,,,,,,,
232,MOVE_METALCLAW,0xE8,METALCLAW,N,,,,,,,,,,
233,MOVE_VITALTHROW,0xE9,VITALTHROW,N,,,,,,,,,,
234,MOVE_MORNINGSUN,0xEA,MORNINGSUN,N,,,,,,,,,,
235,MOVE_SYNTHESIS,0xEB,SYNTHESIS,Y,Cerulean City,,,,n,COMPILED,Cerulean Berry Jar House,8,1,2-B
236,MOVE_MOONLIGHT,0xEC,MOONLIGHT,N,,,,,,,,,,
237,MOVE_HIDDENPOWER,0xED,HIDDENPOWER,Y,,,10,,,,,,,
238,MOVE_CROSSCHOP,0xEE,CROSSCHOP,N,,,,,,,,,,
239,MOVE_TWISTER,0xEF,TWISTER,N,,,,,,,,,,
240,MOVE_RAINDANCE,0xF0,RAINDANCE,Y,,,18,,,,,,,
241,MOVE_SUNNYDAY,0xF1,SUNNYDAY,Y,,,11,,,,,,,
242,MOVE_CRUNCH,0xF2,CRUNCH,Y,Cinnabar Island Lab R3,,,,n,COMPILED,Mt. Ember - Explosion,33,7,1-A
243,MOVE_MIRRORCOAT,0xF3,MIRRORCOAT,N,,,,,,,,,,
244,MOVE_PSYCHUP,0xF4,PSYCHUP,N,,,,,,,,,,
245,MOVE_EXTREMESPEED,0xF5,EXTREMESPEED,N,,,,,,,,,,
246,MOVE_ANCIENTPOWER,0xF6,ANCIENTPOWER,N,,,,,,,,,,
247,MOVE_SHADOWBALL,0xF7,SHADOWBALL,Y,,,30,,,,,,,
248,MOVE_FUTURESIGHT,0xF8,FUTURESIGHT,N,,,,,,,,,,
249,MOVE_ROCKSMASH,0xF9,ROCKSMASH,Y,,,126,,,,,,,
250,MOVE_WHIRLPOOL,0xFA,WHIRLPOOL,N,,,,,,,,,,
251,MOVE_BEATUP,0xFB,BEATUP,N,,,,,,,,,,
252,MOVE_FAKEOUT,0xFC,FAKEOUT,N,,,,,,,,,,
253,MOVE_UPROAR,0xFD,UPROAR,N,,,,,,,,,,
254,MOVE_STOCKPILE,0xFE,STOCKPILE,N,,,,,,,,,,
255,MOVE_SPITUP,0xFF,SPITUP,N,,,,,,,,,,
256,MOVE_SWALLOW,0x100,SWALLOW,N,,,,,,,,,,
257,MOVE_HEATWAVE,0x101,HEATWAVE,Y,Cinnabar Island Lab R2,,,,n,COMPILED,Cinnabar Island Lab R2,25,6,3-C
258,MOVE_HAIL,0x102,HAIL,Y,,,7,,,,,,,
259,MOVE_TORMENT,0x103,TORMENT,Y,,,41,,,,,,,
260,MOVE_FLATTER,0x104,FLATTER,N,,,,,,,,,,
261,MOVE_WILLOWISP,0x105,WILLOWISP,Y,,,61,,,,,,,
262,MOVE_MEMENTO,0x106,MEMENTO,N,,,,,,,,,,
263,MOVE_FACADE,0x107,FACADE,Y,,,42,,,,,,,
264,MOVE_FOCUSPUNCH,0x108,FOCUSPUNCH,Y,,,1,,,,,,,
265,MOVE_SMELLINGSALTS,0x109,SMELLINGSALTS,N,,,,,,,,,,
266,MOVE_FOLLOWME,0x10A,FOLLOWME,N,,,,,,,,,,
267,MOVE_NATUREPOWER,0x10B,NATUREPOWER,Y,,,120,,,,,,,
268,MOVE_CHARGE,0x10C,CHARGE,N,,,,,,,,,,
269,MOVE_TAUNT,0x10D,TAUNT,Y,,,12,,,,,,,
270,MOVE_HELPINGHAND,0x10E,HELPINGHAND,N,,,,,,,,,,
271,MOVE_TRICK,0x10F,TRICK,Y,Pewter City (requires cut),,,,n,COMPILED,Pewter City - Seismic Toss,3,0,2-B
272,MOVE_ROLEPLAY,0x110,ROLEPLAY,N,,,,,,,,,,
273,MOVE_WISH,0x111,WISH,N,,,,,,,,,,
274,MOVE_ASSIST,0x112,ASSIST,N,,,,,,,,,,
275,MOVE_INGRAIN,0x113,INGRAIN,N,,,,,,,,,,
276,MOVE_SUPERPOWER,0x114,SUPERPOWER,Y,Celadon City (requires surf),,,,y,compiled,Celadon City - Softboiled,12,3,1-A
277,MOVE_MAGICCOAT,0x115,MAGICCOAT,Y,Saffron City,,,,n,COMPILED,Saffron House,18,5,2-B
278,MOVE_RECYCLE,0x116,RECYCLE,Y,,,67,,,,,,,
279,MOVE_REVENGE,0x117,REVENGE,N,,,,,,,,,,
280,MOVE_BRICKBREAK,0x118,BRICKBREAK,Y,,,31,,,,,,,
281,MOVE_YAWN,0x119,YAWN,N,,,,,,,,,,
282,MOVE_KNOCKOFF,0x11A,KNOCKOFF,Y,Silph Co.,,,,y,compiled,Silph Co - Thunder wave,20,5,0-S
283,MOVE_ENDEAVOR,0x11B,ENDEAVOR,Y,Celadon Market 3F,,,,n,COMPILED,Celadon City - Counter,13,3,2-B
284,MOVE_ERUPTION,0x11C,ERUPTION,N,,,,,,,,,,
285,MOVE_SKILLSWAP,0x11D,SKILLSWAP,Y,,,48,,,,,,,
286,MOVE_IMPRISON,0x11E,IMPRISON,N,,,,,,,,,,
287,MOVE_REFRESH,0x11F,REFRESH,N,,,,,,,,,,
288,MOVE_GRUDGE,0x120,GRUDGE,N,,,,,,,,,,
289,MOVE_SNATCH,0x121,SNATCH,N,,,,,,,,,,
290,MOVE_SECRETPOWER,0x122,SECRETPOWER,Y,,,43,,,,,,,
291,MOVE_DIVE,0x123,DIVE,Y,,,125,,,,,,,
292,MOVE_ARMTHRUST,0x124,ARMTHRUST,N,,,,,,,,,,
293,MOVE_CAMOUFLAGE,0x125,CAMOUFLAGE,N,,,,,,,,,,
294,MOVE_TAILGLOW,0x126,TAILGLOW,N,,,,,,,,,,
295,MOVE_LUSTERPURGE,0x127,LUSTERPURGE,N,,,,,,,,,,
296,MOVE_MISTBALL,0x128,MISTBALL,N,,,,,,,,,,
297,MOVE_FEATHERDANCE,0x129,FEATHERDANCE,N,,,,,,,,,,
298,MOVE_TEETERDANCE,0x12A,TEETERDANCE,N,,,,,,,,,,
299,MOVE_BLAZEKICK,0x12B,BLAZEKICK,N,,,,,,,,,,
300,MOVE_MUDSPORT,0x12C,MUDSPORT,N,,,,,,,,,,
301,MOVE_ICEBALL,0x12D,ICEBALL,N,,,,,,,,,,
302,MOVE_NEEDLEARM,0x12E,NEEDLEARM,N,,,,,,,,,,
303,MOVE_SLACKOFF,0x12F,SLACKOFF,N,,,,,,,,,,
304,MOVE_HYPERVOICE,0x130,HYPERVOICE,N,,,,,,,,,,
305,MOVE_POISONFANG,0x131,POISONFANG,N,,,,,,,,,,
306,MOVE_CRUSHCLAW,0x132,CRUSHCLAW,N,,,,,,,,,,
307,MOVE_BLASTBURN,0x133,BLASTBURN,N,,,,,,,,,,
308,MOVE_HYDROCANNON,0x134,HYDROCANNON,N,,,,,,,,,,
309,MOVE_METEORMASH,0x135,METEORMASH,N,,,,,,,,,,
310,MOVE_ASTONISH,0x136,ASTONISH,N,,,,,,,,,,
311,MOVE_WEATHERBALL,0x137,WEATHERBALL,N,,,,,,,,,,
312,MOVE_AROMATHERAPY,0x138,AROMATHERAPY,N,,,,,,,,,,
313,MOVE_FAKETEARS,0x139,FAKETEARS,N,,,,,,,,,,
314,MOVE_AIRCUTTER,0x13A,AIRCUTTER,Y,Cinnabar Island Lab R3,,,,n,COMPILED,Cinnabar Island Lab R3,31,6,1-A
315,MOVE_OVERHEAT,0x13B,OVERHEAT,Y,,,50,,,,,,,
316,MOVE_ODORSLEUTH,0x13C,ODORSLEUTH,N,,,,,,,,,,
317,MOVE_ROCKTOMB,0x13D,ROCKTOMB,Y,,,39,,,,,,,
318,MOVE_SILVERWIND,0x13E,SILVERWIND,Y,,,62,,,,,,,
319,MOVE_METALSOUND,0x13F,METALSOUND,N,,,,,,,,,,
320,MOVE_GRASSWHISTLE,0x140,GRASSWHISTLE,N,,,,,,,,,,
321,MOVE_TICKLE,0x141,TICKLE,N,,,,,,,,,,
322,MOVE_COSMICPOWER,0x142,COSMICPOWER,N,,,,,,,,,,
323,MOVE_WATERSPOUT,0x143,WATERSPOUT,N,,,,,,,,,,
324,MOVE_SIGNALBEAM,0x144,SIGNALBEAM,Y,Cinnabar Island Lab R1,,,,n,COMPILED,Cinnabar Island Lab R1,21,6,3-C
325,MOVE_SHADOWPUNCH,0x145,SHADOWPUNCH,N,,,,,,,,,,
326,MOVE_EXTRASENSORY,0x146,EXTRASENSORY,N,,,,,,,,,,
327,MOVE_SKYUPPERCUT,0x147,SKYUPPERCUT,N,,,,,,,,,,
328,MOVE_SANDTOMB,0x148,SANDTOMB,N,,,,,,,,,,
329,MOVE_SHEERCOLD,0x149,SHEERCOLD,N,,,,,,,,,,
330,MOVE_MUDDYWATER,0x14A,MUDDYWATER,N,,,,,,,,,,
331,MOVE_BULLETSEED,0x14B,BULLETSEED,Y,,,9,,,,,,,
332,MOVE_AERIALACE,0x14C,AERIALACE,N,,,,,,,,,,
333,MOVE_ICICLESPEAR,0x14D,ICICLESPEAR,N,,,,,,,,,,
334,MOVE_IRONDEFENSE,0x14E,IRONDEFENSE,Y,Rock Tunnel,,,,y,compiled,Rock Tunnel - Rock Slide,11,3,2-B
335,MOVE_BLOCK,0x14F,BLOCK,N,,,,,,,,,,
336,MOVE_HOWL,0x150,HOWL,N,,,,,,,,,,
337,MOVE_DRAGONCLAW,0x151,DRAGONCLAW,Y,,,2,,,,,,,
338,MOVE_FRENZYPLANT,0x152,FRENZYPLANT,N,,,,,,,,,,
339,MOVE_BULKUP,0x153,BULKUP,Y,,,8,,,,,,,
340,MOVE_BOUNCE,0x154,BOUNCE,N,,,,,,,,,,
341,MOVE_MUDSHOT,0x155,MUDSHOT,N,,,,,,,,,,
342,MOVE_POISONTAIL,0x156,POISONTAIL,N,,,,,,,,,,
343,MOVE_COVET,0x157,COVET,N,,,,,,,,,,
344,MOVE_VOLTTACKLE,0x158,VOLTTACKLE,Y,,Lvl40,,,,,,,,
345,MOVE_MAGICALLEAF,0x159,MAGICALLEAF,N,,,,,,,,,,
346,MOVE_WATERSPORT,0x15A,WATERSPORT,N,,,,,,,,,,
347,MOVE_CALMMIND,0x15B,CALMMIND,Y,,,4,,,,,,,
348,MOVE_LEAFBLADE,0x15C,LEAFBLADE,N,,,,,,,,,,
349,MOVE_DRAGONDANCE,0x15D,DRAGONDANCE,Y,Victory Road,,,,n,COMPILED,Victory Road - Double-Edge,34,8,2-B
350,MOVE_ROCKBLAST,0x15E,ROCKBLAST,N,,,,,,,,,,
351,MOVE_SHOCKWAVE,0x15F,SHOCKWAVE,Y,,,34,,,,,,,
352,MOVE_WATERPULSE,0x160,WATERPULSE,Y,,,3,,,,,,,
353,MOVE_DOOMDESIRE,0x161,DOOMDESIRE,N,,,,,,,,,,
354,MOVE_PSYCHOBOOST,0x162,PSYCHOBOOST,N,,,,,,,,,,
355,MOVE_LEECHFANG,0x163,LEECHFANG,Y,,,49,,,,,,,
356,MOVE_AIRSLASH,0x164,AIRSLASH,N,,,,,,,,,,
357,MOVE_AQUAJET,0x165,AQUAJET,N,,,,,,,,,,
358,MOVE_AQUATAIL,0x166,AQUATAIL,Y,Cinnabar Island Lab R2,,,,n,COMPILED,Cinnabar Island Lab R2,27,6,1-A
359,MOVE_AURASPHERE,0x167,AURASPHERE,N,,,,,,,,,,
360,MOVE_AVALANCHE,0x168,AVALANCHE,Y,,,72,,,,,,,
361,MOVE_BRAVEBIRD,0x169,BRAVEBIRD,N,,,,,,,,,,
362,MOVE_BUGBUZZ,0x16A,BUGBUZZ,N,,,,,,,,,,
363,MOVE_BULLETPUNCH,0x16B,BULLETPUNCH,N,,,,,,,,,,
364,MOVE_CHARGEBEAM,0x16C,CHARGEBEAM,Y,,,57,,,,,,,
365,MOVE_CLOSECOMBAT,0x16D,CLOSECOMBAT,Y,Cinnabar Island Lab R3,,,,n,COMPILED,Cinnabar Island Lab R3,30,6,3-C
366,MOVE_CROSSPOISON,0x16E,CROSSPOISON,N,,,,,,,,,,
367,MOVE_DARKPULSE,0x16F,DARKPULSE,Y,,,79,,,,,,,
368,MOVE_DISCHARGE,0x170,DISCHARGE,N,,,,,,,,,,
369,MOVE_DRACOMETEOR,0x171,DRACOMETEOR,Y,,Lvl40,,,,,,,,
370,MOVE_DRAGONPULSE,0x172,DRAGONPULSE,Y,,,59,,,,,,,
371,MOVE_DRAINPUNCH,0x173,DRAINPUNCH,Y,,,60,,,,,,,
372,MOVE_EARTHPOWER,0x174,EARTHPOWER,Y,Rock Tunnel,,,,n,COMPILED,Rock Tunnel - Rock Slide,10,2,1-A
373,MOVE_ENERGYBALL,0x175,ENERGYBALL,Y,,,53,,,,,,,
374,MOVE_FOCUSBLAST,0x176,FOCUSBLAST,Y,,,52,,,,,,,
375,MOVE_FORCEPALM,0x177,FORCEPALM,N,,,,,,,,,,
376,MOVE_GIGAIMPACT,0x178,GIGAIMPACT,Y,,,68,,,,,,,
377,MOVE_GRASSKNOT,0x179,GRASSKNOT,Y,,,86,,,,,,,
378,MOVE_GUNKSHOT,0x17A,GUNKSHOT,Y,Cinnabar Island Lab R3,,,,n,COMPILED,Cinnabar Island Lab R3,29,6,3-C
379,MOVE_HAMMERARM,0x17B,HAMMERARM,N,,,,,,,,,,
380,MOVE_HEADSMASH,0x17C,HEADSMASH,N,,,,,,,,,,
381,MOVE_ICESHARD,0x17D,ICESHARD,N,,,,,,,,,,
382,MOVE_IRONHEAD,0x17E,IRONHEAD,Y,Cinnabar Island Lab R3,,,,n,COMPILED,Cinnabar Island Lab R3,28,6,3-C
383,MOVE_LAVAPLUME,0x17F,LAVAPLUME,N,,,,,,,,,,
384,MOVE_MAGNETBOMB,0x180,MAGNETBOMB,N,,,,,,,,,,
385,MOVE_MUDBOMB,0x181,MUDBOMB,N,,,,,,,,,,
386,MOVE_NASTYPLOT,0x182,NASTYPLOT,Y,Pewter City (requires cut),,,,n,COMPILED,Pewter City - Seismic Toss,2,0,2-B
387,MOVE_NIGHTSLASH,0x183,NIGHTSLASH,N,,,,,,,,,,
388,MOVE_OMINOUSWIND,0x184,OMINOUSWIND,N,,,,,,,,,,
389,MOVE_POWERGEM,0x185,POWERGEM,N,,,,,,,,,,
390,MOVE_POWERWHIP,0x186,POWERWHIP,N,,,,,,,,,,
391,MOVE_PSYCHOCUT,0x187,PSYCHOCUT,N,,,,,,,,,,
392,MOVE_ROCKCLIMB,0x188,ROCKCLIMB,N,,,128,,,,,,,
393,MOVE_ROCKPOLISH,0x189,ROCKPOLISH,Y,,,69,,,,,,,
394,MOVE_ROCKWRECKER,0x18A,ROCKWRECKER,N,,,,,,,,,,
395,MOVE_ROOST,0x18B,ROOST,Y,,,51,,,,,,,
396,MOVE_SEEDBOMB,0x18C,SEEDBOMB,N,,,,,,,,,,
397,MOVE_SHADOWCLAW,0x18D,SHADOWCLAW,Y,,,65,,,,,,,
398,MOVE_SHADOWSNEAK,0x18E,SHADOWSNEAK,N,,,,,,,,,,
399,MOVE_VACUUMWAVE,0x18F,VACUUMWAVE,N,,,,,,,,,,
400,MOVE_XSCISSOR,0x190,XSCISSOR,Y,,,81,,,,,,,
401,MOVE_ZENHEADBUTT,0x191,ZENHEADBUTT,Y,Cinnabar Island Lab R1,,,,n,COMPILED,Cinnabar Island Lab R1,23,6,1-A
402,MOVE_SWITCHEROO,0x192,SWITCHEROO,N,,,,,,,,,,
403,MOVE_DRILLRUN,0x193,DRILLRUN,N,,,,,,,,,,
404,MOVE_BULLDOZE,0x194,BULLDOZE,Y,,,96,,,,,,,
405,MOVE_ELECTROWEB,0x195,ELECTROWEB,N,,,,,,,,,,
406,MOVE_FLAMECHARGE,0x196,FLAMECHARGE,Y,,,77,,,,,,,
407,MOVE_FROSTBREATH,0x197,FROSTBREATH,Y,,,97,,,,,,,
408,MOVE_HEARTSTAMP,0x198,HEARTSTAMP,N,,,,,,,,,,
409,MOVE_HONECLAWS,0x199,HONECLAWS,Y,,,56,,,,,,,
410,MOVE_HORNLEECH,0x19A,HORNLEECH,N,,,,,,,,,,
411,MOVE_COIL,0x19B,COIL,N,,,,,,,,,,
412,MOVE_HURRICANE,0x19C,HURRICANE,N,,,,,,,,,,
413,MOVE_ICICLECRASH,0x19D,ICICLECRASH,N,,,,,,,,,,
414,MOVE_WORKUP,0x19E,WORKUP,Y,,,98,,,,,,,
415,MOVE_QUIVERDANCE,0x19F,QUIVERDANCE,N,,,,,,,,,,
416,MOVE_LEAFTORNADO,0x1A0,LEAFTORNADO,N,,,,,,,,,,
417,MOVE_LOWSWEEP,0x1A1,LOWSWEEP,Y,,,78,,,,,,,
418,MOVE_SNARL,0x1A2,SNARL,Y,,,108,,,,,,,
419,MOVE_STRUGGLEBUG,0x1A3,STRUGGLEBUG,Y,,,95,,,,,,,
420,MOVE_STEAMROLLER,0x1A4,STEAMROLLER,N,,,,,,,,,,
421,MOVE_STORMTHROW,0x1A5,STORMTHROW,N,,,,,,,,,,
422,MOVE_VENOSHOCK,0x1A6,VENOSHOCK,Y,,,63,,,,,,,
423,MOVE_WILDCHARGE,0x1A7,WILDCHARGE,Y,,,99,,,,,,,
424,MOVE_POISONJAB,0x1A8,POISONJAB,Y,,,84,,,,,,,
425,MOVE_ACIDSPRAY,0x1A9,ACIDSPRAY,N,,,,,,,,,,
426,MOVE_FIERYDANCE,0x1AA,FIERYDANCE,N,,,,,,,,,,
427,MOVE_CLEARSMOG,0x1AB,CLEARSMOG,N,,,,,,,,,,
428,MOVE_LEAFSTORM,0x1AC,LEAFSTORM,N,,,,,,,,,,
429,MOVE_STONEEDGE,0x1AD,STONEEDGE,Y,,,71,,,,,,,
430,MOVE_PAYBACK,0x1AE,PAYBACK,Y,,,66,,,,,,,
431,MOVE_FIREFANG,0x1AF,FIREFANG,N,,,,,,,,,,
432,MOVE_ICEFANG,0x1B0,ICEFANG,N,,,,,,,,,,
433,MOVE_THUNDERFANG,0x1B1,THUNDERFANG,N,,,,,,,,,,
434,MOVE_FLAREBLITZ,0x1B2,FLAREBLITZ,N,,,,,,,,,,
435,MOVE_INFERNO,0x1B3,INFERNO,N,,,,,,,,,,
436,MOVE_HEX,0x1B4,HEX,N,,,,,,,,,,
437,MOVE_DUALCHOP,0x1B5,DUALCHOP,N,,,,,,,,,,
438,MOVE_DOUBLEHIT,0x1B6,DOUBLEHIT,N,,,,,,,,,,
439,MOVE_COTTONGUARD,0x1B7,COTTONGUARD,N,,,,,,,,,,
440,MOVE_ACROBATICS,0x1B8,ACROBATICS,N,,,,,,,,,,
441,MOVE_FLAMEBURST,0x1B9,FLAMEBURST,N,,,,,,,,,,
442,MOVE_UTURN,0x1BA,UTURN,Y,,,89,,,,,,,
443,MOVE_VOLTSWITCH,0x1BB,VOLTSWITCH,Y,,,92,,,,,,,
444,MOVE_DRAGONTAIL,0x1BC,DRAGONTAIL,Y,,,93,,,,,,,
445,MOVE_CIRCLETHROW,0x1BD,CIRCLETHROW,N,,,,,,,,,,
446,MOVE_MIRRORSHOT,0x1BE,MIRRORSHOT,N,,,,,,,,,,
447,MOVE_WOODHAMMER,0x1BF,WOODHAMMER,N,,,,,,,,,,
448,MOVE_HEALPULSE,0x1C0,HEALPULSE,N,,,,,,,,,,
449,MOVE_FLASHCANNON,0x1C1,FLASHCANNON,Y,,,91,,,,,,,
450,MOVE_BUGBITE,0x1C2,BUGBITE,N,,,,,,,,,,
451,MOVE_PLUCK,0x1C3,PLUCK,Y,,,88,,,,,,,
452,MOVE_SHELLSMASH,0x1C4,SHELLSMASH,N,,,,,,,,,,
453,MOVE_RAGEPOWDER,0x1C5,RAGEPOWDER,N,,,,,,,,,,
454,MOVE_WAKEUPSLAP,0x1C6,WAKEUPSLAP,N,,,,,,,,,,
455,MOVE_RAZORSHELL,0x1C7,RAZORSHELL,N,,,,,,,,,,
456,MOVE_COPYCAT,0x1C8,COPYCAT,N,,,,,,,,,,
457,MOVE_MIRACLEEYE,0x1C9,MIRACLEEYE,N,,,,,,,,,,
458,MOVE_SUCKERPUNCH,0x1CA,SUCKERPUNCH,N,,,,,,,,,,
459,MOVE_SCALD,0x1CB,SCALD,Y,,,83,,,,,,,
460,MOVE_BRINE,0x1CC,BRINE,Y,,,55,,,,,,,
461,MOVE_FAIRYWIND,0x1CD,FAIRYWIND,N,,,,,,,,,,
462,MOVE_BABYDOLLEYES,0x1CE,BABYDOLLEYES,N,,,,,,,,,,
463,MOVE_PLAYROUGH,0x1CF,PLAYROUGH,Y,Cinnabar Island Lab R1,,,,n,COMPILED,Cinnabar Island Lab R1,22,6,1-A
464,MOVE_MOONBLAST,0x1D0,MOONBLAST,N,,,,,,,,,,
465,MOVE_DRAININGKISS,0x1D1,DRAININGKISS,N,,,,,,,,,,
466,MOVE_DAZZLINGGLEAM,0x1D2,DAZZLINGGLEAM,Y,,,102,,,,,,,
467,MOVE_DISARMINGVOICE,0x1D3,DISARMINGVOICE,N,,,,,,,,,,
468,MOVE_STEALTHROCK,0x1D4,STEALTHROCK,Y,,,76,,,,,,,
469,MOVE_TOXICSPIKES,0x1D5,TOXICSPIKES,Y,Saffron City,,,,n,COMPILED,Saffron House,16,5,2-B
470,MOVE_HEALINGWISH,0x1D6,HEALINGWISH,N,,,,,,,,,,
471,MOVE_LUNARDANCE,0x1D7,LUNARDANCE,N,,,,,,,,,,
472,MOVE_TAILWIND,0x1D8,TAILWIND,Y,Cerulean City,,,,n,COMPILED,Cerulean Berry Jar House,9,1,2-B
473,MOVE_BOOMBURST,0x1D9,BOOMBURST,N,,,,,,,,,,
474,MOVE_INCINERATE,0x1DA,INCINERATE,Y,,,94,,,,,,,
475,MOVE_WORRYSEED,0x1DB,WORRYSEED,N,,,,,,,,,,
476,MOVE_GASTROACID,0x1DC,GASTROACID,N,,,,,,,,,,
477,MOVE_GEOMANCY,0x1DD,GEOMANCY,N,,,,,,,,,,
478,MOVE_FLOWERSHIELD,0x1DE,FLOWERSHIELD,N,,,,,,,,,,
479,MOVE_ROTOTILLER,0x1DF,ROTOTILLER,N,,,,,,,,,,
480,MOVE_SHIFTGEAR,0x1E0,SHIFTGEAR,N,,,,,,,,,,
481,MOVE_STICKYWEB,0x1E1,STICKYWEB,N,,,,,,,,,,
482,MOVE_STOREDPOWER,0x1E2,STOREDPOWER,N,,,,,,,,,,
483,MOVE_ACUPRESSURE,0x1E3,ACUPRESSURE,N,,,,,,,,,,
484,MOVE_PUNISHMENT,0x1E4,PUNISHMENT,N,,,,,,,,,,
485,MOVE_ASSURANCE,0x1E5,ASSURANCE,N,,,,,,,,,,
486,MOVE_DRAGONRUSH,0x1E6,DRAGONRUSH,N,,,,,,,,,,
487,MOVE_DARKVOID,0x1E7,DARKVOID,N,,,,,,,,,,
488,MOVE_FEINT,0x1E8,FEINT,N,,,,,,,,,,
489,MOVE_PHANTOMFORCE,0x1E9,PHANTOMFORCE,N,,,,,,,,,,
490,MOVE_PETALBLIZZARD,0x1EA,PETALBLIZZARD,N,,,,,,,,,,
491,MOVE_PLAYNICE,0x1EB,PLAYNICE,N,,,,,,,,,,
492,MOVE_ROAROFTIME,0x1EC,ROAROFTIME,N,,,,,,,,,,
493,MOVE_SPACIALREND,0x1ED,SPACIALREND,N,,,,,,,,,,
494,MOVE_MAGMASTORM,0x1EE,MAGMASTORM,N,,,,,,,,,,
495,MOVE_FINALGAMBIT,0x1EF,FINALGAMBIT,N,,,,,,,,,,
496,MOVE_SHADOWFORCE,0x1F0,SHADOWFORCE,N,,,,,,,,,,
497,MOVE_NUZZLE,0x1F1,NUZZLE,N,,,,,,,,,,
498,MOVE_RETALIATE,0x1F2,RETALIATE,N,,,,,,,,,,
499,MOVE_STEELYHIT,0x1F3,STEELYHIT,N,,,,,,,,,,
500,MOVE_JUDGMENT,0x1F4,JUDGMENT,N,,,,,,,,,,
501,MOVE_FREEZEDRY,0x1F5,FREEZEDRY,N,,,,,,,,,,
502,MOVE_PSYSHOCK,0x1F6,PSYSHOCK,Y,,,104,,,,,,,
503,MOVE_ROUND,0x1F7,ROUND,Y,,,112,,,,,,,
504,MOVE_TAILSLAP,0x1F8,TAILSLAP,N,,,,,,,,,,
505,MOVE_GEARGRIND,0x1F9,GEARGRIND,N,,,,,,,,,,
506,MOVE_NATURALGIFT,0x1FA,NATURALGIFT,Y,,,114,,,,,,,
507,MOVE_CHIPAWAY,0x1FB,CHIPAWAY,N,,,,,,,,,,
508,MOVE_SMACKDOWN,0x1FC,SMACKDOWN,Y,,,111,,,,,,,
509,MOVE_HYPERSPACEHOLE,0x1FD,HYPERSPACEHOLE,N,,,,,,,,,,
510,MOVE_GYROBALL,0x1FE,GYROBALL,Y,,,74,,,,,,,
511,MOVE_HYPERSPACEFURY,0x1FF,HYPERSPACEFURY,N,,,,,,,,,,
512,MOVE_ATTACKORDER,0x200,ATTACKORDER,N,,,,,,,,,,
513,MOVE_DEFENDORDER,0x201,DEFENDORDER,N,,,,,,,,,,
514,MOVE_HEALORDER,0x202,HEALORDER,N,,,,,,,,,,
515,MOVE_CAPTIVATE,0x203,CAPTIVATE,Y,,,110,,,,,,,
516,MOVE_DEFOG,0x204,DEFOG,Y,,,109,,,,,,,
517,MOVE_ORIGINPULSE,0x205,ORIGINPULSE,N,,,,,,,,,,
518,MOVE_PRECIPICEBLADES,0x206,PRECIPICEBLADES,N,,,,,,,,,,
519,MOVE_GUARDSWAP,0x207,GUARDSWAP,N,,,,,,,,,,
520,MOVE_STEAMERUPTION,0x208,STEAMERUPTION,N,,,,,,,,,,
521,MOVE_METALBURST,0x209,METALBURST,N,,,,,,,,,,
522,MOVE_MEFIRST,0x20A,MEFIRST,N,,,,,,,,,,
523,MOVE_POWERSWAP,0x20B,POWERSWAP,N,,,,,,,,,,
524,MOVE_POWERTRICK,0x20C,POWERTRICK,N,,,,,,,,,,
525,MOVE_PSYCHOSHIFT,0x20D,PSYCHOSHIFT,N,,,,,,,,,,
526,MOVE_WRINGOUT,0x20E,WRINGOUT,N,,,,,,,,,,
527,MOVE_KINGSSHIELD,0x20F,KINGSSHIELD,N,,,,,,,,,,
528,MOVE_PSYSTRIKE,0x210,PSYSTRIKE,N,,,,,,,,,,
529,MOVE_AUTOTOMIZE,0x211,AUTOTOMIZE,N,,,,,,,,,,
530,MOVE_DIAMONDSTORM,0x212,DIAMONDSTORM,N,,,,,,,,,,
531,MOVE_SLUDGEWAVE,0x213,SLUDGEWAVE,Y,,,103,,,,,,,
532,MOVE_HEAVYSLAM,0x214,HEAVYSLAM,N,,,,,,,,,,
533,MOVE_SYNCHRONOISE,0x215,SYNCHRONOISE,N,,,,,,,,,,
534,MOVE_ELECTROBALL,0x216,ELECTROBALL,N,,,,,,,,,,
535,MOVE_FOULPLAY,0x217,FOULPLAY,Y,Saffron City,,,,n,COMPILED,Saffron House,19,5,3-C
536,MOVE_ENTRAINMENT,0x218,ENTRAINMENT,N,,,,,,,,,,
537,MOVE_NIGHTDAZE,0x219,NIGHTDAZE,N,,,,,,,,,,
538,MOVE_ECHOEDVOICE,0x21A,ECHOEDVOICE,Y,,,113,,,,,,,
539,MOVE_LANDSWRATH,0x21B,LANDSWRATH,N,,,,,,,,,,
540,MOVE_OBLIVIONWING,0x21C,OBLIVIONWING,N,,,,,,,,,,
541,MOVE_HEARTSWAP,0x21D,HEARTSWAP,N,,,,,,,,,,
542,MOVE_CRUSHGRIP,0x21E,CRUSHGRIP,N,,,,,,,,,,
543,MOVE_SACREDSWORD,0x21F,SACREDSWORD,N,,,,,,,,,,
544,MOVE_HEATCRASH,0x220,HEATCRASH,N,,,,,,,,,,
545,MOVE_HEADCHARGE,0x221,HEADCHARGE,N,,,,,,,,,,
546,MOVE_TECHNOBLAST,0x222,TECHNOBLAST,N,,,,,,,,,,
547,MOVE_RELICSONG,0x223,RELICSONG,Y,,Lvl40,,,,,,,,
548,MOVE_SECRETSWORD,0x224,SECRETSWORD,Y,,Lvl40,,,,,,,,
549,MOVE_GLACIATE,0x225,GLACIATE,N,,,,,,,,,,
550,MOVE_BOLTSTRIKE,0x226,BOLTSTRIKE,N,,,,,,,,,,
551,MOVE_BLUEFLARE,0x227,BLUEFLARE,N,,,,,,,,,,
552,MOVE_FREEZESHOCK,0x228,FREEZESHOCK,N,,,,,,,,,,
553,MOVE_ICEBURN,0x229,ICEBURN,N,,,,,,,,,,
554,MOVE_VCREATE,0x22A,VCREATE,N,,,,,,,,,,
555,MOVE_FUSIONFLARE,0x22B,FUSIONFLARE,N,,,,,,,,,,
556,MOVE_FUSIONBOLT,0x22C,FUSIONBOLT,N,,,,,,,,,,
557,MOVE_FELLSTINGER,0x22D,FELLSTINGER,N,,,,,,,,,,
558,MOVE_NOBLEROAR,0x22E,NOBLEROAR,N,,,,,,,,,,
559,MOVE_DRAGONASCENT,0x22F,DRAGONASCENT,Y,,Lvl40,,,,,,,,
560,MOVE_PARTINGSHOT,0x230,PARTINGSHOT,N,,,,,,,,,,
561,MOVE_TOPSYTURVY,0x231,TOPSYTURVY,N,,,,,,,,,,
562,MOVE_COREENFORCER,0x232,COREENFORCER,Y,,Lvl40,,,,,,,,
563,MOVE_CHATTER,0x233,CHATTER,N,,,,,,,,,,
564,MOVE_CONFIDE,0x234,CONFIDE,N,,,,,,,,,,
565,MOVE_WATERSHURIKEN,0x235,WATERSHURIKEN,N,,,,,,,,,,
566,MOVE_MYSTICALFIRE,0x236,MYSTICALFIRE,N,,,,,,,,,,
567,MOVE_SPIKYSHIELD,0x237,SPIKYSHIELD,N,,,,,,,,,,
568,MOVE_EERIEIMPULSE,0x238,EERIEIMPULSE,N,,,,,,,,,,
569,MOVE_HOLDBACK,0x239,HOLDBACK,N,,,,,,,,,,
570,MOVE_INFESTATION,0x23A,INFESTATION,Y,,,100,,,,,,,
571,MOVE_POWERUPPUNCH,0x23B,POWERUPPUNCH,Y,,,101,,,,,,,
572,MOVE_THOUSANDARROWS,0x23C,THOUSANDARROWS,Y,,Lvl40,,,,,,,,
573,MOVE_THOUSANDWAVES,0x23D,THOUSANDWAVES,Y,,Lvl40,,,,,,,,
574,MOVE_PARABOLICCHARGE,0x23E,PARABOLICCHARGE,N,,,,,,,,,,
575,MOVE_SEARINGSHOT,0x23F,SEARINGSHOT,N,,,,,,,,,,
576,MOVE_SEEDFLARE,0x240,SEEDFLARE,N,,,,,,,,,,
577,MOVE_ACCELEROCK,0x241,ACCELEROCK,N,,,,,,,,,,
578,MOVE_ANCHORSHOT,0x242,ANCHORSHOT,N,,,,,,,,,,
579,MOVE_AURORAVEIL,0x243,AURORAVEIL,Y,,,118,,,,,,,
580,MOVE_BANEFULBUNKER,0x244,BANEFULBUNKER,N,,,,,,,,,,
581,MOVE_BEAKBLAST,0x245,BEAKBLAST,N,,,,,,,,,,
582,MOVE_BRUTALSWING,0x246,BRUTALSWING,Y,,,105,,,,,,,
583,MOVE_BURNUP,0x247,BURNUP,N,,,,,,,,,,
584,MOVE_CLANGINGSCALES,0x248,CLANGINGSCALES,N,,,,,,,,,,
585,MOVE_DARKESTLARIAT,0x249,DARKESTLARIAT,N,,,,,,,,,,
586,MOVE_DRAGONHAMMER,0x24A,DRAGONHAMMER,N,,,,,,,,,,
587,MOVE_FIRELASH,0x24B,FIRELASH,N,,,,,,,,,,
588,MOVE_FIRSTIMPRESSION,0x24C,FIRSTIMPRESSION,N,,,,,,,,,,
589,MOVE_FLEURCANNON,0x24D,FLEURCANNON,N,,,,,,,,,,
590,MOVE_FLORALHEALING,0x24E,FLORALHEALING,N,,,,,,,,,,
591,MOVE_GEARUP,0x24F,GEARUP,N,,,,,,,,,,
592,MOVE_HIGHHORSEPOWER,0x250,HIGHHORSEPOWER,N,,,,,,,,,,
593,MOVE_ICEHAMMER,0x251,ICEHAMMER,N,,,,,,,,,,
594,MOVE_LASERFOCUS,0x252,LASERFOCUS,N,,,,,,,,,,
595,MOVE_LEAFAGE,0x253,LEAFAGE,N,,,,,,,,,,
596,MOVE_LIQUIDATION,0x254,LIQUIDATION,Y,Cinnabar Island Lab R2,,,,n,COMPILED,Cinnabar Island Lab R2,24,6,3-C
597,MOVE_LUNGE,0x255,LUNGE,N,,,,,,,,,,
598,MOVE_MOONGEISTBEAM,0x256,MOONGEISTBEAM,N,,,,,,,,,,
599,MOVE_MULTIATTACK,0x257,MULTIATTACK,N,,,,,,,,,,
600,MOVE_NATURESMADNESS,0x258,NATURESMADNESS,N,,,,,,,,,,
601,MOVE_POLLENPUFF,0x259,POLLENPUFF,N,,,,,,,,,,
602,MOVE_POWERTRIP,0x25A,POWERTRIP,N,,,,,,,,,,
603,MOVE_PRISMATICLASER,0x25B,PRISMATICLASER,N,,,,,,,,,,
604,MOVE_PSYCHICFANGS,0x25C,PSYCHICFANGS,N,,,,,,,,,,
605,MOVE_PURIFY,0x25D,PURIFY,N,,,,,,,,,,
606,MOVE_REVELATIONDANCE,0x25E,REVELATIONDANCE,N,,,,,,,,,,
607,MOVE_SHADOWBONE,0x25F,SHADOWBONE,N,,,,,,,,,,
608,MOVE_SHELLTRAP,0x260,SHELLTRAP,N,,,,,,,,,,
609,MOVE_SHOREUP,0x261,SHOREUP,N,,,,,,,,,,
610,MOVE_SMARTSTRIKE,0x262,SMARTSTRIKE,Y,,,106,,,,,,,
611,MOVE_SOLARBLADE,0x263,SOLARBLADE,N,,,,,,,,,,
612,MOVE_SPARKLINGARIA,0x264,SPARKLINGARIA,N,,,,,,,,,,
613,MOVE_SPECTRALTHIEF,0x265,SPECTRALTHIEF,N,,,,,,,,,,
614,MOVE_SPEEDSWAP,0x266,SPEEDSWAP,N,,,,,,,,,,
615,MOVE_SPIRITSHACKLE,0x267,SPIRITSHACKLE,N,,,,,,,,,,
616,MOVE_SPOTLIGHT,0x268,SPOTLIGHT,N,,,,,,,,,,
617,MOVE_STOMPINGTANTRUM,0x269,STOMPINGTANTRUM,N,,,,,,,,,,
618,MOVE_STRENGTHSAP,0x26A,STRENGTHSAP,N,,,,,,,,,,
619,MOVE_SUNSTEELSTRIKE,0x26b,SUNSTEELSTRIKE,N,,,,,,,,,,
620,MOVE_TEARFULLOOK,0x26C,TEARFULLOOK,N,,,,,,,,,,
621,MOVE_THROATCHOP,0x26D,THROATCHOP,N,,,,,,,,,,
622,MOVE_TOXICTHREAD,0x26E,TOXICTHREAD,N,,,,,,,,,,
623,MOVE_TROPKICK,0x26F,TROPKICK,N,,,,,,,,,,
624,MOVE_ZINGZAP,0x270,ZINGZAP,N,,,,,,,,,,
625,MOVE_ELECTRICTERRAIN,0x271,ELECTRICTERRAIN,N,,,,,,,,,,
626,MOVE_GRASSYTERRAIN,0x272,GRASSYTERRAIN,N,,,,,,,,,,
627,MOVE_MISTYTERRAIN,0x273,MISTYTERRAIN,N,,,,,,,,,,
628,MOVE_PSYCHICTERRAIN,0x274,PSYCHICTERRAIN,N,,,,,,,,,,
629,MOVE_GRASSPLEDGE,0x275,GRASSPLEDGE,N,,,,,,,,,,
630,MOVE_FIREPLEDGE,0x276,FIREPLEDGE,N,,,,,,,,,,
631,MOVE_WATERPLEDGE,0x277,WATERPLEDGE,N,,,,,,,,,,
632,MOVE_TRICKROOM,0x278,TRICKROOM,Y,,,116,,,,,,,
633,MOVE_MAGICROOM,0x279,MAGICROOM,N,,,,,,,,,,
634,MOVE_WONDERROOM,0x27A,WONDERROOM,N,,,,,,,,,,
635,MOVE_CRAFTYSHIELD,0x27B,CRAFTYSHIELD,N,,,,,,,,,,
636,MOVE_MATBLOCK,0x27C,MATBLOCK,N,,,,,,,,,,
637,MOVE_QUICKGUARD,0x27D,QUICKGUARD,N,,,,,,,,,,
638,MOVE_WIDEGUARD,0x27E,WIDEGUARD,N,,,,,,,,,,
639,MOVE_AQUARING,0x27F,AQUARING,N,,,,,,,,,,
640,MOVE_AROMATICMIST,0x280,AROMATICMIST,N,,,,,,,,,,
641,MOVE_BELCH,0x281,BELCH,N,,,,,,,,,,
642,MOVE_BESTOW,0x282,BESTOW,N,,,,,,,,,,
643,MOVE_FLING,0x283,FLING,Y,,,117,,,,,,,
644,MOVE_FLYINGPRESS,0x284,FLYINGPRESS,N,,,,,,,,,,
645,MOVE_GRAVITY,0x285,GRAVITY,N,,,,,,,,,,
646,MOVE_GUARDSPLIT,0x286,GUARDSPLIT,N,,,,,,,,,,
647,MOVE_HEALBLOCK,0x287,HEALBLOCK,N,,,,,,,,,,
648,MOVE_IONDELUGE,0x288,IONDELUGE,N,,,,,,,,,,
649,MOVE_LUCKYCHANT,0x289,LUCKYCHANT,N,,,,,,,,,,
650,MOVE_MAGNETRISE,0x28A,MAGNETRISE,N,,,,,,,,,,
651,MOVE_MAGNETICFLUX,0x28B,MAGNETICFLUX,N,,,,,,,,,,
652,MOVE_POWDER,0x28C,POWDER,N,,,,,,,,,,
653,MOVE_POWERSPLIT,0x28D,POWERSPLIT,N,,,,,,,,,,
654,MOVE_REFLECTTYPE,0x28E,REFLECTTYPE,N,,,,,,,,,,
655,MOVE_SIMPLEBEAM,0x28F,SIMPLEBEAM,N,,,,,,,,,,
656,MOVE_SOAK,0x290,SOAK,N,,,,,,,,,,
657,MOVE_TELEKINESIS,0x291,TELEKINESIS,N,,,,,,,,,,
658,MOVE_TRICKORTREAT,0x292,TRICKORTREAT,N,,,,,,,,,,
659,MOVE_VENOMDRENCH,0x293,VENOMDRENCH,N,,,,,,,,,,
660,MOVE_FORESTSCURSE,0x294,FORESTSCURSE,N,,,,,,,,,,
661,MOVE_MINDBLOWN,0x295,MINDBLOWN,N,,,,,,,,,,
662,MOVE_PHOTONGEYSER,0x296,PHOTONGEYSER,N,,,,,,,,,,
663,MOVE_PLASMAFISTS,0x297,PLASMAFISTS,N,,,,,,,,,,
664,MOVE_ELECTRIFY,0x298,ELECTRIFY,N,,,,,,,,,,
665,MOVE_EMBARGO,0x299,EMBARGO,N,,,,,,,,,,
666,MOVE_FAIRYLOCK,0x29A,FAIRYLOCK,N,,,,,,,,,,
667,MOVE_LIGHTOFRUIN,0x29B,LIGHTOFRUIN,N,,,,,,,,,,
668,MOVE_TRUMPCARD,0x29C,TRUMPCARD,N,,,,,,,,,,
669,MOVE_AFTERYOU,0x29D,AFTERYOU,N,,,,,,,,,,
670,MOVE_INSTRUCT,0x29E,INSTRUCT,N,,,,,,,,,,
671,MOVE_QUASH,0x29F,QUASH,Y,,,115,,,,,,,
672,MOVE_HAPPYHOUR,0x2A0,HAPPYHOUR,N,,,,,,,,,,
673,MOVE_DOUBLEIRONBASH,0x2A1,DOUBLEIRONBASH,N,,,,,,,,,,
674,MOVE_LASTRESORT,0x2A2,LASTRESORT,N,,,,,,,,,,
675,MOVE_SKYDROP,0x2A3,SKYDROP,Y,,,119,,,,,,,
676,MOVE_CELEBRATE,0x2A4,CELEBRATE,N,,,,,,,,,,
677,MOVE_HOLDHANDS,0x2A5,HOLDHANDS,N,,,,,,,,,,
678,MOVE_DYNAMAXCANNON,0x2A6,DYNAMAXCANNON,N,,,,Gen8,,,,,,
679,MOVE_SNIPESHOT,0x2A7,SNIPESHOT,N,,,,Gen8,,,,,,
680,MOVE_JAWLOCK,0x2A8,JAWLOCK,N,,,,Gen8,,,,,,
681,MOVE_STUFFCHEEKS,0x2A9,STUFFCHEEKS,N,,,,Gen8,,,,,,
682,MOVE_NORETREAT,0x2AA,NORETREAT,N,,,,Gen8,,,,,,
683,MOVE_TARSHOT,0x2AB,TARSHOT,N,,,,Gen8,,,,,,
684,MOVE_MAGICPOWDER,0x2AC,MAGICPOWDER,N,,,,Gen8,,,,,,
685,MOVE_DRAGONDARTS,0x2AD,DRAGONDARTS,N,,,,Gen8,,,,,,
686,MOVE_TEATIME,0x2AE,TEATIME,N,,,,Gen8,,,,,,
687,MOVE_OCTOLOCK,0x2AF,OCTOLOCK,N,,,,Gen8,,,,,,
688,MOVE_BOLTBEAK,0x2B0,BOLTBEAK,N,,,,Gen8,,,,,,
689,MOVE_FISHIOUSREND,0x2B1,FISHIOUSREND,N,,,,Gen8,,,,,,
690,MOVE_COURTCHANGE,0x2B2,COURTCHANGE,N,,,,Gen8,,,,,,
691,MOVE_CLANGOROUSSOUL,0x2B3,CLANGOROUSSOUL,Y,,Lvl40,,Gen8,,,,,,
692,MOVE_BODYPRESS,0x2B4,BODYPRESS,Y,,Lvl40,,Gen8,,,,,,
693,MOVE_DECORATE,0x2B5,DECORATE,N,,,,Gen8,,,,,,
694,MOVE_DRUMBEATING,0x2B6,DRUMBEATING,N,,,,Gen8,,,,,,
695,MOVE_SNAPTRAP,0x2B7,SNAPTRAP,N,,,,Gen8,,,,,,
696,MOVE_PYROBALL,0x2B8,PYROBALL,N,,,,Gen8,,,,,,
697,MOVE_BEHEMOTHBLADE,0x2B9,BEHEMOTHBLADE,Y,,Lvl40,,Gen8,,,,,,
698,MOVE_BEHEMOTHBASH,0x2BA,BEHEMOTHBASH,Y,,Lvl40,,Gen8,,,,,,
699,MOVE_AURAWHEEL,0x2BB,AURAWHEEL,N,,,,Gen8,,,,,,
700,MOVE_BREAKINGSWIPE,0x2BC,BREAKINGSWIPE,N,,,,Gen8,,,,,,
701,MOVE_BRANCHPOKE,0x2BD,BRANCHPOKE,N,,,,Gen8,,,,,,
702,MOVE_OVERDRIVE,0x2BE,OVERDRIVE,N,,,,Gen8,,,,,,
703,MOVE_APPLEACID,0x2BF,APPLEACID,N,,,,Gen8,,,,,,
704,MOVE_GRAVAPPLE,0x2C0,GRAVAPPLE,N,,,,Gen8,,,,,,
705,MOVE_SPIRITBREAK,0x2C1,SPIRITBREAK,N,,,,Gen8,,,,,,
706,MOVE_STRANGESTEAM,0x2C2,STRANGESTEAM,N,,,,Gen8,,,,,,
707,MOVE_LIFEDEW,0x2C3,LIFEDEW,N,,,,Gen8,,,,,,
708,MOVE_OBSTRUCT,0x2C4,OBSTRUCT,N,,,,Gen8,,,,,,
709,MOVE_FALSESURRENDER,0x2C5,FALSESURRENDER,N,,,,Gen8,,,,,,
710,MOVE_METEORASSAULT,0x2C6,METEORASSAULT,N,,,,Gen8,,,,,,
711,MOVE_ETERNABEAM,0x2C7,ETERNABEAM,N,,,,Gen8,,,,,,
712,MOVE_STEELBEAM,0x2C8,STEELBEAM,Y,,Lvl40,,Gen8,,,,,,
713,MOVE_EXPANDINGFORCE,0x2C9,EXPANDINGFORCE,Y,,Lvl40,,Gen8,,,,,,
714,MOVE_STEELROLLER,0x2CA,STEELROLLER,Y,,Lvl40,,Gen8,,,,,,
715,MOVE_SCALESHOT,0x2CB,SCALESHOT,Y,,Lvl40,,Gen8,,,,,,
716,MOVE_METEORBEAM,0x2CC,METEORBEAM,Y,,Lvl40,,Gen8,,,,,,
717,MOVE_SHELLSIDEARM,0x2CD,SHELLSIDEARM,N,,,,Gen8,,,,,,
718,MOVE_MISTYEXPLOSION,0x2CE,MISTYEXPLOSION,N,,,,Gen8,,,,,,
719,MOVE_GRASSYGLIDE,0x2CF,GRASSYGLIDE,Y,,Lvl40,,Gen8,,,,,,
720,MOVE_RISINGVOLTAGE,0x2D0,RISINGVOLTAGE,Y,,Lvl40,,Gen8,,,,,,
721,MOVE_TERRAINPULSE,0x2D1,TERRAINPULSE,Y,,Lvl40,,Gen8,,,,,,
722,MOVE_SKITTERSMACK,0x2D2,SKITTERSMACK,Y,,Lvl40,,Gen8,,,,,,
723,MOVE_BURNINGJEALOUSY,0x2D3,BURNINGJEALOUSY,Y,,Lvl40,,Gen8,,,,,,
724,MOVE_LASHOUT,0x2D4,LASHOUT,Y,,Lvl40,,Gen8,,,,,,
725,MOVE_POLTERGEIST,0x2D5,POLTERGEIST,Y,,Lvl40,,Gen8,,,,,,
726,MOVE_CORROSIVEGAS,0x2D6,CORROSIVEGAS,Y,,Lvl40,,Gen8,,,,,,
727,MOVE_COACHING,0x2D7,COACHING,Y,,Lvl40,,Gen8,,,,,,
728,MOVE_FLIPTURN,0x2D8,FLIPTURN,Y,,Lvl40,,Gen8,,,,,,
729,MOVE_TRIPLEAXEL,0x2D9,TRIPLEAXEL,Y,,Lvl40,,Gen8,,,,,,
730,MOVE_DUALWINGBEAT,0x2DA,DUALWINGBEAT,Y,,Lvl40,,Gen8,,,,,,
731,MOVE_SCORCHINGSANDS,0x2DB,SCORCHINGSANDS,Y,,Lvl40,,Gen8,,,,,,
732,MOVE_JUNGLEHEALING,0x2DC,JUNGLEHEALING,N,,,,Gen8,,,,,,
733,MOVE_WICKEDBLOW,0x2DD,WICKEDBLOW,N,,,,Gen8,,,,,,
734,MOVE_SURGINGSTRIKES,0x2DE,SURGINGSTRIKES,N,,,,Gen8,,,,,,
735,MOVE_FREEZINGGLARE,0x2DF,FREEZINGGLARE,N,,,,Gen8,,,,,,
736,MOVE_THUNDEROUSKICK,0x2E0,THUNDEROUSKICK,N,,,,Gen8,,,,,,
737,MOVE_FIERYWRATH,0x2E1,FIERYWRATH,N,,,,Gen8,,,,,,
738,MOVE_THUNDERCAGE,0x2E2,THUNDERCAGE,N,,,,Gen8,,,,,,
739,MOVE_DRAGONENERGY,0x2E3,DRAGONENERGY,N,,,,Gen8,,,,,,