Name,Count,Name_UPPER,#,Full Move,Hex,Move,Guaranteed,Tutor,Lvl40,TM,G8,Custom,Status,Placement,Order,Badges,Tier
Earthquake,5165911.0,EARTHQUAKE,89.0,MOVE_EARTHQUAKE,0x59,EARTHQUAKE,Y,,,26.0,,,,,,,
Knock Off,3950320.0,KNOCKOFF,282.0,MOVE_KNOCKOFF,0x11A,KNOCKOFF,Y,Silph Co.,,,,y,compiled,Silph Co - Thunder wave,20.0,5.0,0-S
U-turn,3929180.0,UTURN,442.0,MOVE_UTURN,0x1BA,UTURN,Y,,,89.0,,,,,,,
Stealth Rock,3258001.0,STEALTHROCK,468.0,MOVE_STEALTHROCK,0x1D4,STEALTHROCK,Y,,,76.0,,,,,,,
Toxic,3161659.0,TOXIC,92.0,MOVE_TOXIC,0x5C,TOXIC,Y,,,6.0,,,,,,,
Swords Dance,2723931.0,SWORDSDANCE,14.0,MOVE_SWORDSDANCE,0xE,SWORDSDANCE,Y,,,75.0,,,,,,,
Roost,2497898.0,ROOST,395.0,MOVE_ROOST,0x18B,ROOST,Y,,,51.0,,,,,,,
Defog,2295013.0,DEFOG,516.0,MOVE_DEFOG,0x204,DEFOG,Y,,,109.0,,,,,,,
Close Combat,2214988.0,CLOSECOMBAT,365.0,MOVE_CLOSECOMBAT,0x16D,CLOSECOMBAT,Y,Cinnabar Island Lab R3,,,,n,COMPILED,Cinnabar Island Lab R3,30.0,6.0,3-C
Flamethrower,2051295.0,FLAMETHROWER,53.0,MOVE_FLAMETHROWER,0x35,FLAMETHROWER,Y,,,35.0,,,,,,,
Protect,1643966.0,PROTECT,182.0,MOVE_PROTECT,0xB6,PROTECT,Y,,,17.0,,,,,,,
Thunderbolt,1616837.0,THUNDERBOLT,85.0,MOVE_THUNDERBOLT,0x55,THUNDERBOLT,Y,,,24.0,,,,,,,
Scald,1597450.0,SCALD,459.0,MOVE_SCALD,0x1CB,SCALD,Y,,,83.0,,,,,,,
Shadow Ball,1519826.0,SHADOWBALL,247.0,MOVE_SHADOWBALL,0xF7,SHADOWBALL,Y,,,30.0,,,,,,,
Ice Beam,1514882.0,ICEBEAM,58.0,MOVE_ICEBEAM,0x3A,ICEBEAM,Y,,,13.0,,,,,,,
Moonblast,1435613.0,MOONBLAST,464.0,MOVE_MOONBLAST,0x1D0,MOONBLAST,N,,,,,,,,,,
Iron Head,1355460.0,IRONHEAD,382.0,MOVE_IRONHEAD,0x17E,IRONHEAD,Y,Cinnabar Island Lab R3,,,,n,COMPILED,Cinnabar Island Lab R3,28.0,6.0,3-C
Volt Switch,1347197.0,VOLTSWITCH,443.0,MOVE_VOLTSWITCH,0x1BB,VOLTSWITCH,Y,,,92.0,,,,,,,
Substitute,1281920.0,SUBSTITUTE,164.0,MOVE_SUBSTITUTE,0xA4,SUBSTITUTE,Y,,,90.0,,,,,,,
Earth Power,1267196.0,EARTHPOWER,372.0,MOVE_EARTHPOWER,0x174,EARTHPOWER,Y,Rock Tunnel,,,,n,COMPILED,Rock Tunnel - Rock Slide,10.0,2.0,1-A
Psychic,1220258.0,PSYCHIC,94.0,MOVE_PSYCHIC,0x5E,PSYCHIC,Y,,,29.0,,,,,,,
Calm Mind,1163796.0,CALMMIND,347.0,MOVE_CALMMIND,0x15B,CALMMIND,Y,,,4.0,,,,,,,
Ice Punch,1143342.0,ICEPUNCH,8.0,MOVE_ICEPUNCH,0x8,ICEPUNCH,Y,Victory Road,,,,n,COMPILED,Victory Road - Double-Edge,35.0,8.0,1-A
Leech Seed,1137518.0,LEECHSEED,73.0,MOVE_LEECHSEED,0x49,LEECHSEED,N,,,,,,,,,,
Taunt,1066268.0,TAUNT,269.0,MOVE_TAUNT,0x10D,TAUNT,Y,,,12.0,,,,,,,
Dragon Dance,1061885.0,DRAGONDANCE,349.0,MOVE_DRAGONDANCE,0x15D,DRAGONDANCE,Y,Victory Road,,,,n,COMPILED,Victory Road - Double-Edge,34.0,8.0,2-B
Stone Edge,1011227.0,STONEEDGE,429.0,MOVE_STONEEDGE,0x1AD,STONEEDGE,Y,,,71.0,,,,,,,
Recover,975867.0,RECOVER,105.0,MOVE_RECOVER,0x69,RECOVER,N,,,,,,,,,,
Body Press,945968.0,BODYPRESS,692.0,MOVE_BODYPRESS,0x2B4,BODYPRESS,Y,,Lvl40,,Gen8,,,,,,
Nothing,943423.0,NOTHING,,,,,,,,,,,,,,,
Hurricane,912941.0,HURRICANE,412.0,MOVE_HURRICANE,0x19C,HURRICANE,N,,,,,,,,,,
Thunder Wave,873151.0,THUNDERWAVE,86.0,MOVE_THUNDERWAVE,0x56,THUNDERWAVE,Y,,,73.0,,,,,,,
Drain Punch,863116.0,DRAINPUNCH,371.0,MOVE_DRAINPUNCH,0x173,DRAINPUNCH,Y,,,60.0,,,,,,,
Draco Meteor,831116.0,DRACOMETEOR,369.0,MOVE_DRACOMETEOR,0x171,DRACOMETEOR,Y,,Lvl40,,,,,,,,
Dazzling Gleam,816496.0,DAZZLINGGLEAM,466.0,MOVE_DAZZLINGGLEAM,0x1D2,DAZZLINGGLEAM,Y,,,102.0,,,,,,,
Focus Blast,783447.0,FOCUSBLAST,374.0,MOVE_FOCUSBLAST,0x176,FOCUSBLAST,Y,,,52.0,,,,,,,
Dark Pulse,782157.0,DARKPULSE,367.0,MOVE_DARKPULSE,0x16F,DARKPULSE,Y,,,79.0,,,,,,,
Giga Drain,766487.0,GIGADRAIN,202.0,MOVE_GIGADRAIN,0xCA,GIGADRAIN,Y,,,19.0,,,,,,,
Fire Blast,745593.0,FIREBLAST,126.0,MOVE_FIREBLAST,0x7E,FIREBLAST,Y,,,38.0,,,,,,,
Sludge Bomb,724546.0,SLUDGEBOMB,188.0,MOVE_SLUDGEBOMB,0xBC,SLUDGEBOMB,Y,,,36.0,,,,,,,
Spikes,719462.0,SPIKES,191.0,MOVE_SPIKES,0xBF,SPIKES,Y,Saffron City,,,,n,COMPILED,Saffron House,17.0,5.0,2-B
Soft-Boiled,712902.0,SOFTBOILED,135.0,MOVE_SOFTBOILED,0x87,SOFTBOILED,N,,,,,,,,,,
Sacred Sword,712890.0,SACREDSWORD,543.0,MOVE_SACREDSWORD,0x21F,SACREDSWORD,N,,,,,,,,,,
Psyshock,700737.0,PSYSHOCK,502.0,MOVE_PSYSHOCK,0x1F6,PSYSHOCK,Y,,,104.0,,,,,,,
Hydro Pump,696964.0,HYDROPUMP,56.0,MOVE_HYDROPUMP,0x38,HYDROPUMP,Y,Cinnabar Island Lab R2,,,,n,COMPILED,Cinnabar Island Lab R2,26.0,6.0,1-A
Leaf Blade,690590.0,LEAFBLADE,348.0,MOVE_LEAFBLADE,0x15C,LEAFBLADE,N,,,,,,,,,,
Rapid Spin,665846.0,RAPIDSPIN,229.0,MOVE_RAPIDSPIN,0xE5,RAPIDSPIN,N,,,,,,,,,,
Thunder Punch,661907.0,THUNDERPUNCH,9.0,MOVE_THUNDERPUNCH,0x9,THUNDERPUNCH,Y,Route 4,,,,y,compiled,Route 4,6.0,1.0,1-A
Crunch,644034.0,CRUNCH,242.0,MOVE_CRUNCH,0xF2,CRUNCH,Y,Cinnabar Island Lab R3,,,,n,COMPILED,Mt. Ember - Explosion,33.0,7.0,1-A
Sucker Punch,640612.0,SUCKERPUNCH,458.0,MOVE_SUCKERPUNCH,0x1CA,SUCKERPUNCH,N,,,,,,,,,,
Trick,636911.0,TRICK,271.0,MOVE_TRICK,0x10F,TRICK,Y,Pewter City (requires cut),,,,n,COMPILED,Pewter City - Seismic Toss,3.0,0.0,2-B
Play Rough,631968.0,PLAYROUGH,463.0,MOVE_PLAYROUGH,0x1CF,PLAYROUGH,Y,Cinnabar Island Lab R1,,,,n,COMPILED,Cinnabar Island Lab R1,22.0,6.0,1-A
Nasty Plot,618645.0,NASTYPLOT,386.0,MOVE_NASTYPLOT,0x182,NASTYPLOT,Y,Pewter City (requires cut),,,,n,COMPILED,Pewter City - Seismic Toss,2.0,0.0,2-B
Aqua Jet,601323.0,AQUAJET,357.0,MOVE_AQUAJET,0x165,AQUAJET,N,,,,,,,,,,
Flash Cannon,597390.0,FLASHCANNON,449.0,MOVE_FLASHCANNON,0x1C1,FLASHCANNON,Y,,,91.0,,,,,,,
Superpower,589972.0,SUPERPOWER,276.0,MOVE_SUPERPOWER,0x114,SUPERPOWER,Y,Celadon City (requires surf),,,,y,compiled,Celadon City - Softboiled,12.0,3.0,1-A
Brave Bird,585759.0,BRAVEBIRD,361.0,MOVE_BRAVEBIRD,0x169,BRAVEBIRD,N,,,,,,,,,,
Thunder,579279.0,THUNDER,87.0,MOVE_THUNDER,0x57,THUNDER,Y,,,25.0,,,,,,,
Sludge Wave,572217.0,SLUDGEWAVE,531.0,MOVE_SLUDGEWAVE,0x213,SLUDGEWAVE,Y,,,103.0,,,,,,,
Teleport,556802.0,TELEPORT,100.0,MOVE_TELEPORT,0x64,TELEPORT,N,,,,,,,,,,
Poison Jab,550574.0,POISONJAB,424.0,MOVE_POISONJAB,0x1A8,POISONJAB,Y,,,84.0,,,,,,,
Ice Shard,542150.0,ICESHARD,381.0,MOVE_ICESHARD,0x17D,ICESHARD,N,,,,,,,,,,
Will-O-Wisp,535787.0,WILLOWISP,261.0,MOVE_WILLOWISP,0x105,WILLOWISP,Y,,,61.0,,,,,,,
Bulk Up,524314.0,BULKUP,339.0,MOVE_BULKUP,0x153,BULKUP,Y,,,8.0,,,,,,,
Baton Pass,522118.0,BATONPASS,226.0,MOVE_BATONPASS,0xE2,BATONPASS,Y,Fuchsia City,,,,n,COMPILED,Fuchsia City - Substitute,14.0,4.0,0-S
Liquidation,518751.0,LIQUIDATION,596.0,MOVE_LIQUIDATION,0x254,LIQUIDATION,Y,Cinnabar Island Lab R2,,,,n,COMPILED,Cinnabar Island Lab R2,24.0,6.0,3-C
Air Slash,516210.0,AIRSLASH,356.0,MOVE_AIRSLASH,0x164,AIRSLASH,N,,,,,,,,,,
Future Sight,504200.0,FUTURESIGHT,248.0,MOVE_FUTURESIGHT,0xF8,FUTURESIGHT,N,,,,,,,,,,
Dragon Claw,500822.0,DRAGONCLAW,337.0,MOVE_DRAGONCLAW,0x151,DRAGONCLAW,Y,,,2.0,,,,,,,
Transform,476706.0,TRANSFORM,144.0,MOVE_TRANSFORM,0x90,TRANSFORM,N,,,,,,,,,,
Gyro Ball,473702.0,GYROBALL,510.0,MOVE_GYROBALL,0x1FE,GYROBALL,Y,,,74.0,,,,,,,
Flare Blitz,466263.0,FLAREBLITZ,434.0,MOVE_FLAREBLITZ,0x1B2,FLAREBLITZ,N,,,,,,,,,,
Surf,460300.0,SURF,57.0,MOVE_SURF,0x39,SURF,Y,,,123.0,,,,,,,
Slack Off,446188.0,SLACKOFF,303.0,MOVE_SLACKOFF,0x12F,SLACKOFF,N,,,,,,,,,,
Heat Wave,443321.0,HEATWAVE,257.0,MOVE_HEATWAVE,0x101,HEATWAVE,Y,Cinnabar Island Lab R2,,,,n,COMPILED,Cinnabar Island Lab R2,25.0,6.0,3-C
Magma Storm,436874.0,MAGMASTORM,494.0,MOVE_MAGMASTORM,0x1EE,MAGMASTORM,N,,,,,,,,,,
Shadow Sneak,435619.0,SHADOWSNEAK,398.0,MOVE_SHADOWSNEAK,0x18E,SHADOWSNEAK,N,,,,,,,,,,
Fire Punch,426625.0,FIREPUNCH,7.0,MOVE_FIREPUNCH,0x7,FIREPUNCH,Y,Route 4,,,,y,compiled,Route 4,7.0,1.0,1-A
Quiver Dance,426407.0,QUIVERDANCE,415.0,MOVE_QUIVERDANCE,0x19F,QUIVERDANCE,N,,,,,,,,,,
Extreme Speed,424794.0,EXTREMESPEED,245.0,MOVE_EXTREMESPEED,0xF5,EXTREMESPEED,N,,,,,,,,,,
Energy Ball,422287.0,ENERGYBALL,373.0,MOVE_ENERGYBALL,0x175,ENERGYBALL,Y,,,53.0,,,,,,,
Smart Strike,412613.0,SMARTSTRIKE,610.0,MOVE_SMARTSTRIKE,0x262,SMARTSTRIKE,Y,,,106.0,,,,,,,
Bug Buzz,410424.0,BUGBUZZ,362.0,MOVE_BUGBUZZ,0x16A,BUGBUZZ,N,,,,,,,,,,
Outrage,409437.0,OUTRAGE,200.0,MOVE_OUTRAGE,0xC8,OUTRAGE,Y,Cinnabar Island Lab R3,,,,n,COMPILED,Cape Brink,32.0,7.0,1-A
Power Whip,404303.0,POWERWHIP,390.0,MOVE_POWERWHIP,0x186,POWERWHIP,N,,,,,,,,,,
Triple Axel,399665.0,TRIPLEAXEL,729.0,MOVE_TRIPLEAXEL,0x2D9,TRIPLEAXEL,Y,,Lvl40,,Gen8,,,,,,
Acrobatics,398863.0,ACROBATICS,440.0,MOVE_ACROBATICS,0x1B8,ACROBATICS,N,,,,,,,,,,
Haze,398418.0,HAZE,114.0,MOVE_HAZE,0x72,HAZE,N,,,,,,,,,,
Surging Strikes,395695.0,SURGINGSTRIKES,734.0,MOVE_SURGINGSTRIKES,0x2DE,SURGINGSTRIKES,N,,,,Gen8,,,,,,
Rock Slide,392208.0,ROCKSLIDE,157.0,MOVE_ROCKSLIDE,0x9D,ROCKSLIDE,Y,,,80.0,,,,,,,
Explosion,391255.0,EXPLOSION,153.0,MOVE_EXPLOSION,0x99,EXPLOSION,Y,,,64.0,,,,,,,
Weather Ball,376276.0,WEATHERBALL,311.0,MOVE_WEATHERBALL,0x137,WEATHERBALL,N,,,,,,,,,,
Shell Smash,374760.0,SHELLSMASH,452.0,MOVE_SHELLSMASH,0x1C4,SHELLSMASH,N,,,,,,,,,,
Toxic Spikes,373592.0,TOXICSPIKES,469.0,MOVE_TOXICSPIKES,0x1D5,TOXICSPIKES,Y,Saffron City,,,,n,COMPILED,Saffron House,16.0,5.0,2-B
Flip Turn,372373.0,FLIPTURN,728.0,MOVE_FLIPTURN,0x2D8,FLIPTURN,Y,,Lvl40,,Gen8,,,,,,
Wish,369453.0,WISH,273.0,MOVE_WISH,0x111,WISH,N,,,,,,,,,,
Seismic Toss,362348.0,SEISMICTOSS,69.0,MOVE_SEISMICTOSS,0x45,SEISMICTOSS,N,,,,,,,,,,
Double Iron Bash,359836.0,DOUBLEIRONBASH,673.0,MOVE_DOUBLEIRONBASH,0x2A1,DOUBLEIRONBASH,N,,,,,,,,,,
Dragon Pulse,358609.0,DRAGONPULSE,370.0,MOVE_DRAGONPULSE,0x172,DRAGONPULSE,Y,,,59.0,,,,,,,
Bullet Punch,357969.0,BULLETPUNCH,363.0,MOVE_BULLETPUNCH,0x16B,BULLETPUNCH,N,,,,,,,,,,
Foul Play,351493.0,FOULPLAY,535.0,MOVE_FOULPLAY,0x217,FOULPLAY,Y,Saffron City,,,,n,COMPILED,Saffron House,19.0,5.0,3-C
Grassy Glide,349519.0,GRASSYGLIDE,719.0,MOVE_GRASSYGLIDE,0x2CF,GRASSYGLIDE,Y,,Lvl40,,Gen8,,,,,,
Dual Wingbeat,348322.0,DUALWINGBEAT,730.0,MOVE_DUALWINGBEAT,0x2DA,DUALWINGBEAT,Y,,Lvl40,,Gen8,,,,,,
Ancient Power,347507.0,ANCIENTPOWER,246.0,MOVE_ANCIENTPOWER,0xF6,ANCIENTPOWER,N,,,,,,,,,,
Light Screen,333845.0,LIGHTSCREEN,113.0,MOVE_LIGHTSCREEN,0x71,LIGHTSCREEN,Y,,,16.0,,,,,,,
Sticky Web,331061.0,STICKYWEB,481.0,MOVE_STICKYWEB,0x1E1,STICKYWEB,N,,,,,,,,,,
Brick Break,329268.0,BRICKBREAK,280.0,MOVE_BRICKBREAK,0x118,BRICKBREAK,Y,,,31.0,,,,,,,
Belly Drum,328293.0,BELLYDRUM,187.0,MOVE_BELLYDRUM,0xBB,BELLYDRUM,N,,,,,,,,,,
Stored Power,319967.0,STOREDPOWER,482.0,MOVE_STOREDPOWER,0x1E2,STOREDPOWER,N,,,,,,,,,,
Trick Room,318949.0,TRICKROOM,632.0,MOVE_TRICKROOM,0x278,TRICKROOM,Y,,,116.0,,,,,,,
Encore,315432.0,ENCORE,227.0,MOVE_ENCORE,0xE3,ENCORE,Y,Saffron City,,,,y,compiled,Saffron City Copycat,15.0,5.0,2-B
Blizzard,311705.0,BLIZZARD,59.0,MOVE_BLIZZARD,0x3B,BLIZZARD,Y,,,14.0,,,,,,,
Reflect,303466.0,REFLECT,115.0,MOVE_REFLECT,0x73,REFLECT,Y,,,33.0,,,,,,,
Fire Fang,300851.0,FIREFANG,431.0,MOVE_FIREFANG,0x1AF,FIREFANG,N,,,,,,,,,,
Iron Defense,299307.0,IRONDEFENSE,334.0,MOVE_IRONDEFENSE,0x14E,IRONDEFENSE,Y,Rock Tunnel,,,,y,compiled,Rock Tunnel - Rock Slide,11.0,3.0,2-B
Rest,297450.0,REST,156.0,MOVE_REST,0x9C,REST,Y,,,44.0,,,,,,,
Fake Out,283125.0,FAKEOUT,252.0,MOVE_FAKEOUT,0xFC,FAKEOUT,N,,,,,,,,,,
Dragon Darts,276592.0,DRAGONDARTS,685.0,MOVE_DRAGONDARTS,0x2AD,DRAGONDARTS,N,,,,Gen8,,,,,,
Rock Blast,273930.0,ROCKBLAST,350.0,MOVE_ROCKBLAST,0x15E,ROCKBLAST,N,,,,,,,,,,
Grass Knot,271760.0,GRASSKNOT,377.0,MOVE_GRASSKNOT,0x179,GRASSKNOT,Y,,,86.0,,,,,,,
Aura Sphere,263272.0,AURASPHERE,359.0,MOVE_AURASPHERE,0x167,AURASPHERE,N,,,,,,,,,,
Draining Kiss,260746.0,DRAININGKISS,465.0,MOVE_DRAININGKISS,0x1D1,DRAININGKISS,N,,,,,,,,,,
Agility,260519.0,AGILITY,97.0,MOVE_AGILITY,0x61,AGILITY,Y,Pewter City (requires cut),,,,n,COMPILED,Pewter City - Seismic Toss,4.0,0.0,2-B
Scale Shot,258151.0,SCALESHOT,715.0,MOVE_SCALESHOT,0x2CB,SCALESHOT,Y,,Lvl40,,Gen8,,,,,,
Heal Bell,257819.0,HEALBELL,215.0,MOVE_HEALBELL,0xD7,HEALBELL,N,,,,,,,,,,
Overheat,256548.0,OVERHEAT,315.0,MOVE_OVERHEAT,0x13B,OVERHEAT,Y,,,50.0,,,,,,,
Waterfall,255234.0,WATERFALL,127.0,MOVE_WATERFALL,0x7F,WATERFALL,N,,,127.0,,,,,,,
Psychic Fangs,250639.0,PSYCHICFANGS,604.0,MOVE_PSYCHICFANGS,0x25C,PSYCHICFANGS,N,,,,,,,,,,
Freeze-Dry,249417.0,FREEZEDRY,501.0,MOVE_FREEZEDRY,0x1F5,FREEZEDRY,N,,,,,,,,,,
Discharge,247213.0,DISCHARGE,368.0,MOVE_DISCHARGE,0x170,DISCHARGE,N,,,,,,,,,,
High Jump Kick,246176.0,HIGHJUMPKICK,136.0,MOVE_HIGHJUMPKICK,0x88,HIGHJUMPKICK,N,,,,,,,,,,
Phantom Force,244757.0,PHANTOMFORCE,489.0,MOVE_PHANTOMFORCE,0x1E9,PHANTOMFORCE,N,,,,,,,,,,
Yawn,243917.0,YAWN,281.0,MOVE_YAWN,0x119,YAWN,N,,,,,,,,,,
Zen Headbutt,243366.0,ZENHEADBUTT,401.0,MOVE_ZENHEADBUTT,0x191,ZENHEADBUTT,Y,Cinnabar Island Lab R1,,,,n,COMPILED,Cinnabar Island Lab R1,23.0,6.0,1-A
Plasma Fists,243228.0,PLASMAFISTS,663.0,MOVE_PLASMAFISTS,0x297,PLASMAFISTS,N,,,,,,,,,,
Icicle Crash,234940.0,ICICLECRASH,413.0,MOVE_ICICLECRASH,0x19D,ICICLECRASH,N,,,,,,,,,,
Mystical Fire,233002.0,MYSTICALFIRE,566.0,MOVE_MYSTICALFIRE,0x236,MYSTICALFIRE,N,,,,,,,,,,
Pain Split,228647.0,PAINSPLIT,220.0,MOVE_PAINSPLIT,0xDC,PAINSPLIT,Y,Viridian City (requires cut),,,,n,COMPILED,Viridian City - Dream Eater,1.0,0.0,2-B
Darkest Lariat,227990.0,DARKESTLARIAT,585.0,MOVE_DARKESTLARIAT,0x249,DARKESTLARIAT,N,,,,,,,,,,
Icicle Spear,216865.0,ICICLESPEAR,333.0,MOVE_ICICLESPEAR,0x14D,ICICLESPEAR,N,,,,,,,,,,
V-create,215140.0,VCREATE,554.0,MOVE_VCREATE,0x22A,VCREATE,N,,,,,,,,,,
Aurora Veil,214584.0,AURORAVEIL,579.0,MOVE_AURORAVEIL,0x243,AURORAVEIL,Y,,,118.0,,,,,,,
Low Kick,212971.0,LOWKICK,67.0,MOVE_LOWKICK,0x43,LOWKICK,N,,,,,,,,,,
Blaze Kick,212539.0,BLAZEKICK,299.0,MOVE_BLAZEKICK,0x12B,BLAZEKICK,N,,,,,,,,,,
Endeavor,203192.0,ENDEAVOR,283.0,MOVE_ENDEAVOR,0x11B,ENDEAVOR,Y,Celadon Market 3F,,,,n,COMPILED,Celadon City - Counter,13.0,3.0,2-B
Aromatherapy,202196.0,AROMATHERAPY,312.0,MOVE_AROMATHERAPY,0x138,AROMATHERAPY,N,,,,,,,,,,
Leech Life,202119.0,LEECHLIFE,141.0,MOVE_LEECHLIFE,0x8D,LEECHLIFE,N,,,,,,,,,,
Spectral Thief,196468.0,SPECTRALTHIEF,613.0,MOVE_SPECTRALTHIEF,0x265,SPECTRALTHIEF,N,,,,,,,,,,
Steam Eruption,193167.0,STEAMERUPTION,520.0,MOVE_STEAMERUPTION,0x208,STEAMERUPTION,N,,,,,,,,,,
Destiny Bond,187500.0,DESTINYBOND,194.0,MOVE_DESTINYBOND,0xC2,DESTINYBOND,N,,,,,,,,,,
Aqua Tail,182150.0,AQUATAIL,358.0,MOVE_AQUATAIL,0x166,AQUATAIL,Y,Cinnabar Island Lab R2,,,,n,COMPILED,Cinnabar Island Lab R2,27.0,6.0,1-A
Body Slam,181780.0,BODYSLAM,34.0,MOVE_BODYSLAM,0x22,BODYSLAM,Y,Pewter City (requires cut),,,,n,COMPILED,Pewter City - Seismic Toss,5.0,0.0,1-A
Ice Fang,179966.0,ICEFANG,432.0,MOVE_ICEFANG,0x1B0,ICEFANG,N,,,,,,,,,,
Counter,179535.0,COUNTER,68.0,MOVE_COUNTER,0x44,COUNTER,N,,,,,,,,,,
Wild Charge,178315.0,WILDCHARGE,423.0,MOVE_WILDCHARGE,0x1A7,WILDCHARGE,Y,,,99.0,,,,,,,
Meteor Beam,177345.0,METEORBEAM,716.0,MOVE_METEORBEAM,0x2CC,METEORBEAM,Y,,Lvl40,,Gen8,,,,,,
Shadow Claw,176088.0,SHADOWCLAW,397.0,MOVE_SHADOWCLAW,0x18D,SHADOWCLAW,Y,,,65.0,,,,,,,
Facade,174413.0,FACADE,263.0,MOVE_FACADE,0x107,FACADE,Y,,,42.0,,,,,,,
Bolt Strike,168193.0,BOLTSTRIKE,550.0,MOVE_BOLTSTRIKE,0x226,BOLTSTRIKE,N,,,,,,,,,,
Astral Barrage,167366.0,ASTRALBARRAGE,,,,,,,,,,,,,,,
Fiery Dance,166697.0,FIERYDANCE,426.0,MOVE_FIERYDANCE,0x1AA,FIERYDANCE,N,,,,,,,,,,
Wood Hammer,165677.0,WOODHAMMER,447.0,MOVE_WOODHAMMER,0x1BF,WOODHAMMER,N,,,,,,,,,,
Baneful Bunker,165466.0,BANEFULBUNKER,580.0,MOVE_BANEFULBUNKER,0x244,BANEFULBUNKER,N,,,,,,,,,,
Lava Plume,163436.0,LAVAPLUME,383.0,MOVE_LAVAPLUME,0x17F,LAVAPLUME,N,,,,,,,,,,
Hidden Power Ice,163416.0,HIDDENPOWERICE,,,,,,,,,,,,,,,
Hidden Power Fire,161305.0,HIDDENPOWERFIRE,,,,,,,,,,,,,,,
Solar Beam,156595.0,SOLARBEAM,76.0,MOVE_SOLARBEAM,0x4C,SOLARBEAM,Y,,,22.0,,,,,,,
Cosmic Power,155985.0,COSMICPOWER,322.0,MOVE_COSMICPOWER,0x142,COSMICPOWER,N,,,,,,,,,,
Eruption,154399.0,ERUPTION,284.0,MOVE_ERUPTION,0x11C,ERUPTION,N,,,,,,,,,,
Gunk Shot,154242.0,GUNKSHOT,378.0,MOVE_GUNKSHOT,0x17A,GUNKSHOT,Y,Cinnabar Island Lab R3,,,,n,COMPILED,Cinnabar Island Lab R3,29.0,6.0,3-C
Poltergeist,153547.0,POLTERGEIST,725.0,MOVE_POLTERGEIST,0x2D5,POLTERGEIST,Y,,Lvl40,,Gen8,,,,,,
Heavy Slam,150991.0,HEAVYSLAM,532.0,MOVE_HEAVYSLAM,0x214,HEAVYSLAM,N,,,,,,,,,,
Dragon Tail,148373.0,DRAGONTAIL,444.0,MOVE_DRAGONTAIL,0x1BC,DRAGONTAIL,Y,,,93.0,,,,,,,
Curse,148000.0,CURSE,174.0,MOVE_CURSE,0xAE,CURSE,N,,,,,,,,,,
Sleep Powder,147224.0,SLEEPPOWDER,79.0,MOVE_SLEEPPOWDER,0x4F,SLEEPPOWDER,N,,,,,,,,,,
X-Scissor,146554.0,XSCISSOR,400.0,MOVE_XSCISSOR,0x190,XSCISSOR,Y,,,81.0,,,,,,,
Leaf Storm,146036.0,LEAFSTORM,428.0,MOVE_LEAFSTORM,0x1AC,LEAFSTORM,N,,,,,,,,,,
Hex,143983.0,HEX,436.0,MOVE_HEX,0x1B4,HEX,N,,,,,,,,,,
Spore,142260.0,SPORE,147.0,MOVE_SPORE,0x93,SPORE,N,,,,,,,,,,
Whirlwind,139818.0,WHIRLWIND,18.0,MOVE_WHIRLWIND,0x12,WHIRLWIND,N,,,,,,,,,,
Quick Attack,139213.0,QUICKATTACK,98.0,MOVE_QUICKATTACK,0x62,QUICKATTACK,N,,,,,,,,,,
Icy Wind,131622.0,ICYWIND,196.0,MOVE_ICYWIND,0xC4,ICYWIND,N,,,,,,,,,,
Water Shuriken,131314.0,WATERSHURIKEN,565.0,MOVE_WATERSHURIKEN,0x235,WATERSHURIKEN,N,,,,,,,,,,
King's Shield,131022.0,KING'SSHIELD,,,,,,,,,,,,,,,
High Horsepower,123556.0,HIGHHORSEPOWER,592.0,MOVE_HIGHHORSEPOWER,0x250,HIGHHORSEPOWER,N,,,,,,,,,,
Power-Up Punch,120794.0,POWERUPPUNCH,571.0,MOVE_POWERUPPUNCH,0x23B,POWERUPPUNCH,Y,,,101.0,,,,,,,
Power Gem,118657.0,POWERGEM,389.0,MOVE_POWERGEM,0x185,POWERGEM,N,,,,,,,,,,
Mach Punch,117185.0,MACHPUNCH,183.0,MOVE_MACHPUNCH,0xB7,MACHPUNCH,N,,,,,,,,,,
Hyper Voice,116997.0,HYPERVOICE,304.0,MOVE_HYPERVOICE,0x130,HYPERVOICE,N,,,,,,,,,,
Bolt Beak,115714.0,BOLTBEAK,688.0,MOVE_BOLTBEAK,0x2B0,BOLTBEAK,N,,,,Gen8,,,,,,
Tri Attack,114358.0,TRIATTACK,161.0,MOVE_TRIATTACK,0xA1,TRIATTACK,N,,,,,,,,,,
Moonlight,112009.0,MOONLIGHT,236.0,MOVE_MOONLIGHT,0xEC,MOONLIGHT,N,,,,,,,,,,
Expanding Force,107225.0,EXPANDINGFORCE,713.0,MOVE_EXPANDINGFORCE,0x2C9,EXPANDINGFORCE,Y,,Lvl40,,Gen8,,,,,,
Hypnosis,106894.0,HYPNOSIS,95.0,MOVE_HYPNOSIS,0x5F,HYPNOSIS,N,,,,,,,,,,
Nature's Madness,104578.0,NATURE'SMADNESS,,,,,,,,,,,,,,,
Psycho Cut,103525.0,PSYCHOCUT,391.0,MOVE_PSYCHOCUT,0x187,PSYCHOCUT,N,,,,,,,,,,
Aerial Ace,103445.0,AERIALACE,332.0,MOVE_AERIALACE,0x14C,AERIALACE,N,,,,,,,,,,
Water Spout,102691.0,WATERSPOUT,323.0,MOVE_WATERSPOUT,0x143,WATERSPOUT,N,,,,,,,,,,
Crabhammer,102336.0,CRABHAMMER,152.0,MOVE_CRABHAMMER,0x98,CRABHAMMER,N,,,,,,,,,,
Healing Wish,102299.0,HEALINGWISH,470.0,MOVE_HEALINGWISH,0x1D6,HEALINGWISH,N,,,,,,,,,,
Boomburst,102051.0,BOOMBURST,473.0,MOVE_BOOMBURST,0x1D9,BOOMBURST,N,,,,,,,,,,
Synthesis,102022.0,SYNTHESIS,235.0,MOVE_SYNTHESIS,0xEB,SYNTHESIS,Y,Cerulean City,,,,n,COMPILED,Cerulean Berry Jar House,8.0,1.0,2-B
Thunderous Kick,101986.0,THUNDEROUSKICK,736.0,MOVE_THUNDEROUSKICK,0x2E0,THUNDEROUSKICK,N,,,,Gen8,,,,,,
Roar,101262.0,ROAR,46.0,MOVE_ROAR,0x2E,ROAR,Y,,,5.0,,,,,,,
Clear Smog,100903.0,CLEARSMOG,427.0,MOVE_CLEARSMOG,0x1AB,CLEARSMOG,N,,,,,,,,,,
Fishious Rend,100881.0,FISHIOUSREND,689.0,MOVE_FISHIOUSREND,0x2B1,FISHIOUSREND,N,,,,Gen8,,,,,,
Beat Up,100847.0,BEATUP,251.0,MOVE_BEATUP,0xFB,BEATUP,N,,,,,,,,,,
Flame Charge,98416.0,FLAMECHARGE,406.0,MOVE_FLAMECHARGE,0x196,FLAMECHARGE,Y,,,77.0,,,,,,,
Dragon Ascent,96068.0,DRAGONASCENT,559.0,MOVE_DRAGONASCENT,0x22F,DRAGONASCENT,Y,,Lvl40,,,,,,,,
Megahorn,94597.0,MEGAHORN,224.0,MOVE_MEGAHORN,0xE0,MEGAHORN,N,,,,,,,,,,
Meteor Mash,92387.0,METEORMASH,309.0,MOVE_METEORMASH,0x135,METEORMASH,N,,,,,,,,,,
Glare,92368.0,GLARE,137.0,MOVE_GLARE,0x89,GLARE,N,,,,,,,,,,
Stomping Tantrum,90307.0,STOMPINGTANTRUM,617.0,MOVE_STOMPINGTANTRUM,0x269,STOMPINGTANTRUM,N,,,,,,,,,,
Drill Run,89416.0,DRILLRUN,403.0,MOVE_DRILLRUN,0x193,DRILLRUN,N,,,,,,,,,,
Minimize,88626.0,MINIMIZE,107.0,MOVE_MINIMIZE,0x6B,MINIMIZE,N,,,,,,,,,,
Pyro Ball,88374.0,PYROBALL,696.0,MOVE_PYROBALL,0x2B8,PYROBALL,N,,,,Gen8,,,,,,
Autotomize,87948.0,AUTOTOMIZE,529.0,MOVE_AUTOTOMIZE,0x211,AUTOTOMIZE,N,,,,,,,,,,
Whirlpool,86504.0,WHIRLPOOL,250.0,MOVE_WHIRLPOOL,0xFA,WHIRLPOOL,N,,,,,,,,,,
Origin Pulse,86436.0,ORIGINPULSE,517.0,MOVE_ORIGINPULSE,0x205,ORIGINPULSE,N,,,,,,,,,,
Hone Claws,84444.0,HONECLAWS,409.0,MOVE_HONECLAWS,0x199,HONECLAWS,Y,,,56.0,,,,,,,
Geomancy,83733.0,GEOMANCY,477.0,MOVE_GEOMANCY,0x1DD,GEOMANCY,N,,,,,,,,,,
Final Gambit,80903.0,FINALGAMBIT,495.0,MOVE_FINALGAMBIT,0x1EF,FINALGAMBIT,N,,,,,,,,,,
Oblivion Wing,80012.0,OBLIVIONWING,540.0,MOVE_OBLIVIONWING,0x21C,OBLIVIONWING,N,,,,,,,,,,
Thousand Arrows,79005.0,THOUSANDARROWS,572.0,MOVE_THOUSANDARROWS,0x23C,THOUSANDARROWS,Y,,Lvl40,,,,,,,,
Horn Leech,78897.0,HORNLEECH,410.0,MOVE_HORNLEECH,0x19A,HORNLEECH,N,,,,,,,,,,
Secret Sword,78500.0,SECRETSWORD,548.0,MOVE_SECRETSWORD,0x224,SECRETSWORD,Y,,Lvl40,,,,,,,,
Sleep Talk,78243.0,SLEEPTALK,214.0,MOVE_SLEEPTALK,0xD6,SLEEPTALK,Y,,,82.0,,,,,,,
Sunsteel Strike,77755.0,SUNSTEELSTRIKE,619.0,MOVE_SUNSTEELSTRIKE,0x26b,SUNSTEELSTRIKE,N,,,,,,,,,,
Scorching Sands,77350.0,SCORCHINGSANDS,731.0,MOVE_SCORCHINGSANDS,0x2DB,SCORCHINGSANDS,Y,,Lvl40,,Gen8,,,,,,
Memento,77306.0,MEMENTO,262.0,MOVE_MEMENTO,0x106,MEMENTO,N,,,,,,,,,,
Hail,75778.0,HAIL,258.0,MOVE_HAIL,0x102,HAIL,Y,,,7.0,,,,,,,
Extrasensory,75052.0,EXTRASENSORY,326.0,MOVE_EXTRASENSORY,0x146,EXTRASENSORY,N,,,,,,,,,,
Strength Sap,74915.0,STRENGTHSAP,618.0,MOVE_STRENGTHSAP,0x26A,STRENGTHSAP,N,,,,,,,,,,
Iron Tail,73192.0,IRONTAIL,231.0,MOVE_IRONTAIL,0xE7,IRONTAIL,Y,,,23.0,,,,,,,
Tailwind,72993.0,TAILWIND,472.0,MOVE_TAILWIND,0x1D8,TAILWIND,Y,Cerulean City,,,,n,COMPILED,Cerulean Berry Jar House,9.0,1.0,2-B
Electro Ball,72477.0,ELECTROBALL,534.0,MOVE_ELECTROBALL,0x216,ELECTROBALL,N,,,,,,,,,,
Magic Coat,72266.0,MAGICCOAT,277.0,MOVE_MAGICCOAT,0x115,MAGICCOAT,Y,Saffron City,,,,n,COMPILED,Saffron House,18.0,5.0,2-B
Double-Edge,72029.0,DOUBLEEDGE,38.0,MOVE_DOUBLEEDGE,0x26,DOUBLEEDGE,N,,,,,,,,,,
Endure,71772.0,ENDURE,203.0,MOVE_ENDURE,0xCB,ENDURE,Y,,,58.0,,,,,,,
Throat Chop,71479.0,THROATCHOP,621.0,MOVE_THROATCHOP,0x26D,THROATCHOP,N,,,,,,,,,,
Night Slash,69899.0,NIGHTSLASH,387.0,MOVE_NIGHTSLASH,0x183,NIGHTSLASH,N,,,,,,,,,,
Fiery Wrath,69163.0,FIERYWRATH,737.0,MOVE_FIERYWRATH,0x2E1,FIERYWRATH,N,,,,Gen8,,,,,,
Avalanche,69028.0,AVALANCHE,360.0,MOVE_AVALANCHE,0x168,AVALANCHE,Y,,,72.0,,,,,,,
Rock Tomb,67924.0,ROCKTOMB,317.0,MOVE_ROCKTOMB,0x13D,ROCKTOMB,Y,,,39.0,,,,,,,
Growth,67642.0,GROWTH,74.0,MOVE_GROWTH,0x4A,GROWTH,N,,,,,,,,,,
Mirror Coat,67257.0,MIRRORCOAT,243.0,MOVE_MIRRORCOAT,0xF3,MIRRORCOAT,N,,,,,,,,,,
Infestation,66065.0,INFESTATION,570.0,MOVE_INFESTATION,0x23A,INFESTATION,Y,,,100.0,,,,,,,
Morning Sun,65015.0,MORNINGSUN,234.0,MOVE_MORNINGSUN,0xEA,MORNINGSUN,N,,,,,,,,,,
Rising Voltage,64592.0,RISINGVOLTAGE,720.0,MOVE_RISINGVOLTAGE,0x2D0,RISINGVOLTAGE,Y,,Lvl40,,Gen8,,,,,,
Parting Shot,63255.0,PARTINGSHOT,560.0,MOVE_PARTINGSHOT,0x230,PARTINGSHOT,N,,,,,,,,,,
Mind Blown,62143.0,MINDBLOWN,661.0,MOVE_MINDBLOWN,0x295,MINDBLOWN,N,,,,,,,,,,
Return,61707.0,RETURN,216.0,MOVE_RETURN,0xD8,RETURN,Y,,,27.0,,,,,,,
Reversal,60957.0,REVERSAL,179.0,MOVE_REVERSAL,0xB3,REVERSAL,N,,,,,,,,,,
Photon Geyser,60527.0,PHOTONGEYSER,662.0,MOVE_PHOTONGEYSER,0x296,PHOTONGEYSER,N,,,,,,,,,,
Precipice Blades,59430.0,PRECIPICEBLADES,518.0,MOVE_PRECIPICEBLADES,0x206,PRECIPICEBLADES,N,,,,,,,,,,
Dynamax Cannon,59164.0,DYNAMAXCANNON,678.0,MOVE_DYNAMAXCANNON,0x2A6,DYNAMAXCANNON,N,,,,Gen8,,,,,,
Steel Wing,59104.0,STEELWING,211.0,MOVE_STEELWING,0xD3,STEELWING,Y,,,47.0,,,,,,,
Rain Dance,59022.0,RAINDANCE,240.0,MOVE_RAINDANCE,0xF0,RAINDANCE,Y,,,18.0,,,,,,,
First Impression,57966.0,FIRSTIMPRESSION,588.0,MOVE_FIRSTIMPRESSION,0x24C,FIRSTIMPRESSION,N,,,,,,,,,,
Thunder Cage,57853.0,THUNDERCAGE,738.0,MOVE_THUNDERCAGE,0x2E2,THUNDERCAGE,N,,,,Gen8,,,,,,
Accelerock,56054.0,ACCELEROCK,577.0,MOVE_ACCELEROCK,0x241,ACCELEROCK,N,,,,,,,,,,
Power Trip,55924.0,POWERTRIP,602.0,MOVE_POWERTRIP,0x25A,POWERTRIP,N,,,,,,,,,,
Clanging Scales,54505.0,CLANGINGSCALES,584.0,MOVE_CLANGINGSCALES,0x248,CLANGINGSCALES,N,,,,,,,,,,
Sacred Fire,54357.0,SACREDFIRE,221.0,MOVE_SACREDFIRE,0xDD,SACREDFIRE,N,,,,,,,,,,
Pursuit,53661.0,PURSUIT,228.0,MOVE_PURSUIT,0xE4,PURSUIT,N,,,,,,,,,,
Fleur Cannon,52478.0,FLEURCANNON,589.0,MOVE_FLEURCANNON,0x24D,FLEURCANNON,N,,,,,,,,,,
Fusion Bolt,51714.0,FUSIONBOLT,556.0,MOVE_FUSIONBOLT,0x22C,FUSIONBOLT,N,,,,,,,,,,
Perish Song,51600.0,PERISHSONG,195.0,MOVE_PERISHSONG,0xC3,PERISHSONG,N,,,,,,,,,,
Rock Polish,51598.0,ROCKPOLISH,393.0,MOVE_ROCKPOLISH,0x189,ROCKPOLISH,Y,,,69.0,,,,,,,
Bounce,50591.0,BOUNCE,340.0,MOVE_BOUNCE,0x154,BOUNCE,N,,,,,,,,,,
Nuzzle,49645.0,NUZZLE,497.0,MOVE_NUZZLE,0x1F1,NUZZLE,N,,,,,,,,,,
Fly,49069.0,FLY,19.0,MOVE_FLY,0x13,FLY,Y,,,122.0,,,,,,,
Glaciate,48793.0,GLACIATE,549.0,MOVE_GLACIATE,0x225,GLACIATE,N,,,,,,,,,,
Double Team,47896.0,DOUBLETEAM,104.0,MOVE_DOUBLETEAM,0x68,DOUBLETEAM,Y,,,32.0,,,,,,,
Heat Crash,47220.0,HEATCRASH,544.0,MOVE_HEATCRASH,0x220,HEATCRASH,N,,,,,,,,,,
Recycle,46866.0,RECYCLE,278.0,MOVE_RECYCLE,0x116,RECYCLE,Y,,,67.0,,,,,,,
Coil,46575.0,COIL,411.0,MOVE_COIL,0x19B,COIL,N,,,,,,,,,,
Lunar Dance,45018.0,LUNARDANCE,471.0,MOVE_LUNARDANCE,0x1D7,LUNARDANCE,N,,,,,,,,,,
Night Shade,44741.0,NIGHTSHADE,101.0,MOVE_NIGHTSHADE,0x65,NIGHTSHADE,N,,,,,,,,,,
Drill Peck,44513.0,DRILLPECK,65.0,MOVE_DRILLPECK,0x41,DRILLPECK,N,,,,,,,,,,
Spiky Shield,44437.0,SPIKYSHIELD,567.0,MOVE_SPIKYSHIELD,0x237,SPIKYSHIELD,N,,,,,,,,,,
Shift Gear,44205.0,SHIFTGEAR,480.0,MOVE_SHIFTGEAR,0x1E0,SHIFTGEAR,N,,,,,,,,,,
Head Smash,43567.0,HEADSMASH,380.0,MOVE_HEADSMASH,0x17C,HEADSMASH,N,,,,,,,,,,
Bullet Seed,41705.0,BULLETSEED,331.0,MOVE_BULLETSEED,0x14B,BULLETSEED,Y,,,9.0,,,,,,,
Acid Armor,41334.0,ACIDARMOR,151.0,MOVE_ACIDARMOR,0x97,ACIDARMOR,N,,,,,,,,,,
Misty Explosion,40247.0,MISTYEXPLOSION,718.0,MOVE_MISTYEXPLOSION,0x2CE,MISTYEXPLOSION,N,,,,Gen8,,,,,,
Hammer Arm,39637.0,HAMMERARM,379.0,MOVE_HAMMERARM,0x17B,HAMMERARM,N,,,,,,,,,,
Seed Bomb,39636.0,SEEDBOMB,396.0,MOVE_SEEDBOMB,0x18C,SEEDBOMB,N,,,,,,,,,,
Hyper Beam,38798.0,HYPERBEAM,63.0,MOVE_HYPERBEAM,0x3F,HYPERBEAM,Y,,,15.0,,,,,,,
Spirit Break,37643.0,SPIRITBREAK,705.0,MOVE_SPIRITBREAK,0x2C1,SPIRITBREAK,N,,,,Gen8,,,,,,
Diamond Storm,36917.0,DIAMONDSTORM,530.0,MOVE_DIAMONDSTORM,0x212,DIAMONDSTORM,N,,,,,,,,,,
Steel Beam,36313.0,STEELBEAM,712.0,MOVE_STEELBEAM,0x2C8,STEELBEAM,Y,,Lvl40,,Gen8,,,,,,
Clangorous Soul,36055.0,CLANGOROUSSOUL,691.0,MOVE_CLANGOROUSSOUL,0x2B3,CLANGOROUSSOUL,Y,,Lvl40,,Gen8,,,,,,
Judgment,35237.0,JUDGMENT,500.0,MOVE_JUDGMENT,0x1F4,JUDGMENT,N,,,,,,,,,,
Last Resort,35039.0,LASTRESORT,674.0,MOVE_LASTRESORT,0x2A2,LASTRESORT,N,,,,,,,,,,
Bug Bite,34967.0,BUGBITE,450.0,MOVE_BUGBITE,0x1C2,BUGBITE,N,,,,,,,,,,
Disable,34195.0,DISABLE,50.0,MOVE_DISABLE,0x32,DISABLE,N,,,,,,,,,,
Cotton Guard,34094.0,COTTONGUARD,439.0,MOVE_COTTONGUARD,0x1B7,COTTONGUARD,N,,,,,,,,,,
Cross Chop,33776.0,CROSSCHOP,238.0,MOVE_CROSSCHOP,0xEE,CROSSCHOP,N,,,,,,,,,,
Smack Down,33219.0,SMACKDOWN,508.0,MOVE_SMACKDOWN,0x1FC,SMACKDOWN,Y,,,111.0,,,,,,,
Overdrive,32842.0,OVERDRIVE,702.0,MOVE_OVERDRIVE,0x2BE,OVERDRIVE,N,,,,Gen8,,,,,,
Snipe Shot,32745.0,SNIPESHOT,679.0,MOVE_SNIPESHOT,0x2A7,SNIPESHOT,N,,,,Gen8,,,,,,
Shell Side Arm,32657.0,SHELLSIDEARM,717.0,MOVE_SHELLSIDEARM,0x2CD,SHELLSIDEARM,N,,,,Gen8,,,,,,
Blue Flare,32588.0,BLUEFLARE,551.0,MOVE_BLUEFLARE,0x227,BLUEFLARE,N,,,,,,,,,,
Focus Punch,32284.0,FOCUSPUNCH,264.0,MOVE_FOCUSPUNCH,0x108,FOCUSPUNCH,Y,,,1.0,,,,,,,
Switcheroo,32077.0,SWITCHEROO,402.0,MOVE_SWITCHEROO,0x192,SWITCHEROO,N,,,,,,,,,,
Stun Spore,31454.0,STUNSPORE,78.0,MOVE_STUNSPORE,0x4E,STUNSPORE,N,,,,,,,,,,
Sunny Day,30460.0,SUNNYDAY,241.0,MOVE_SUNNYDAY,0xF1,SUNNYDAY,Y,,,11.0,,,,,,,
Tail Glow,30353.0,TAILGLOW,294.0,MOVE_TAILGLOW,0x126,TAILGLOW,N,,,,,,,,,,
Psystrike,30206.0,PSYSTRIKE,528.0,MOVE_PSYSTRIKE,0x210,PSYSTRIKE,N,,,,,,,,,,
Wicked Blow,29919.0,WICKEDBLOW,733.0,MOVE_WICKEDBLOW,0x2DD,WICKEDBLOW,N,,,,Gen8,,,,,,
Topsy-Turvy,29270.0,TOPSYTURVY,561.0,MOVE_TOPSYTURVY,0x231,TOPSYTURVY,N,,,,,,,,,,
Copycat,28935.0,COPYCAT,456.0,MOVE_COPYCAT,0x1C8,COPYCAT,N,,,,,,,,,,
Fell Stinger,28712.0,FELLSTINGER,557.0,MOVE_FELLSTINGER,0x22D,FELLSTINGER,N,,,,,,,,,,
Bonemerang,28639.0,BONEMERANG,155.0,MOVE_BONEMERANG,0x9B,BONEMERANG,N,,,,,,,,,,
Focus Energy,28518.0,FOCUSENERGY,116.0,MOVE_FOCUSENERGY,0x74,FOCUSENERGY,N,,,,,,,,,,
Dynamic Punch,27713.0,DYNAMICPUNCH,223.0,MOVE_DYNAMICPUNCH,0xDF,DYNAMICPUNCH,N,,,,,,,,,,
Moongeist Beam,26979.0,MOONGEISTBEAM,598.0,MOVE_MOONGEISTBEAM,0x256,MOONGEISTBEAM,N,,,,,,,,,,
Jungle Healing,26606.0,JUNGLEHEALING,732.0,MOVE_JUNGLEHEALING,0x2DC,JUNGLEHEALING,N,,,,Gen8,,,,,,
Pin Missile,26536.0,PINMISSILE,42.0,MOVE_PINMISSILE,0x2A,PINMISSILE,N,,,,,,,,,,
Dragon Rush,25506.0,DRAGONRUSH,486.0,MOVE_DRAGONRUSH,0x1E6,DRAGONRUSH,N,,,,,,,,,,
Court Change,24975.0,COURTCHANGE,690.0,MOVE_COURTCHANGE,0x2B2,COURTCHANGE,N,,,,Gen8,,,,,,
Shadow Bone,24840.0,SHADOWBONE,607.0,MOVE_SHADOWBONE,0x25F,SHADOWBONE,N,,,,,,,,,,
Block,24839.0,BLOCK,335.0,MOVE_BLOCK,0x14F,BLOCK,N,,,,,,,,,,
Sheer Cold,24531.0,SHEERCOLD,329.0,MOVE_SHEERCOLD,0x149,SHEERCOLD,N,,,,,,,,,,
Acupressure,24237.0,ACUPRESSURE,483.0,MOVE_ACUPRESSURE,0x1E3,ACUPRESSURE,N,,,,,,,,,,
Cross Poison,23845.0,CROSSPOISON,366.0,MOVE_CROSSPOISON,0x16E,CROSSPOISON,N,,,,,,,,,,
Spirit Shackle,23710.0,SPIRITSHACKLE,615.0,MOVE_SPIRITSHACKLE,0x267,SPIRITSHACKLE,N,,,,,,,,,,
Super Fang,23551.0,SUPERFANG,162.0,MOVE_SUPERFANG,0xA2,SUPERFANG,N,,,,,,,,,,
Sandstorm,22748.0,SANDSTORM,201.0,MOVE_SANDSTORM,0xC9,SANDSTORM,Y,,,37.0,,,,,,,
Assurance,22098.0,ASSURANCE,485.0,MOVE_ASSURANCE,0x1E5,ASSURANCE,N,,,,,,,,,,
Aeroblast,21983.0,AEROBLAST,177.0,MOVE_AEROBLAST,0xB1,AEROBLAST,N,,,,,,,,,,
Dream Eater,21450.0,DREAMEATER,138.0,MOVE_DREAMEATER,0x8A,DREAMEATER,Y,,,85.0,,,,,,,
Hidden Power Ground,20669.0,HIDDENPOWERGROUND,,,,,,,,,,,,,,,
Aqua Ring,20607.0,AQUARING,639.0,MOVE_AQUARING,0x27F,AQUARING,N,,,,,,,,,,
Fusion Flare,20556.0,FUSIONFLARE,555.0,MOVE_FUSIONFLARE,0x22B,FUSIONFLARE,N,,,,,,,,,,
Tail Slap,20549.0,TAILSLAP,504.0,MOVE_TAILSLAP,0x1F8,TAILSLAP,N,,,,,,,,,,
Swagger,20316.0,SWAGGER,207.0,MOVE_SWAGGER,0xCF,SWAGGER,Y,,,87.0,,,,,,,
Soak,20177.0,SOAK,656.0,MOVE_SOAK,0x290,SOAK,N,,,,,,,,,,
Dig,19940.0,DIG,91.0,MOVE_DIG,0x5B,DIG,Y,,,28.0,,,,,,,
Volt Tackle,19707.0,VOLTTACKLE,344.0,MOVE_VOLTTACKLE,0x158,VOLTTACKLE,Y,,Lvl40,,,,,,,,
Metronome,19588.0,METRONOME,118.0,MOVE_METRONOME,0x76,METRONOME,N,,,,,,,,,,
Magnet Rise,19157.0,MAGNETRISE,650.0,MOVE_MAGNETRISE,0x28A,MAGNETRISE,N,,,,,,,,,,
Lunge,18756.0,LUNGE,597.0,MOVE_LUNGE,0x255,LUNGE,N,,,,,,,,,,
Amnesia,18361.0,AMNESIA,133.0,MOVE_AMNESIA,0x85,AMNESIA,N,,,,,,,,,,
Detect,18346.0,DETECT,197.0,MOVE_DETECT,0xC5,DETECT,N,,,,,,,,,,
Water Pulse,18215.0,WATERPULSE,352.0,MOVE_WATERPULSE,0x160,WATERPULSE,Y,,,3.0,,,,,,,
Entrainment,18010.0,ENTRAINMENT,536.0,MOVE_ENTRAINMENT,0x218,ENTRAINMENT,N,,,,,,,,,,
Sky Attack,17654.0,SKYATTACK,143.0,MOVE_SKYATTACK,0x8F,SKYATTACK,N,,,,,,,,,,
Razor Shell,16901.0,RAZORSHELL,455.0,MOVE_RAZORSHELL,0x1C7,RAZORSHELL,N,,,,,,,,,,
Freeze Shock,16855.0,FREEZESHOCK,552.0,MOVE_FREEZESHOCK,0x228,FREEZESHOCK,N,,,,,,,,,,
Giga Impact,16486.0,GIGAIMPACT,376.0,MOVE_GIGAIMPACT,0x178,GIGAIMPACT,Y,,,68.0,,,,,,,
Spacial Rend,16218.0,SPACIALREND,493.0,MOVE_SPACIALREND,0x1ED,SPACIALREND,N,,,,,,,,,,
Charge Beam,16176.0,CHARGEBEAM,364.0,MOVE_CHARGEBEAM,0x16C,CHARGEBEAM,Y,,,57.0,,,,,,,
Glacial Lance,16132.0,GLACIALLANCE,,,,,,,,,,,,,,,
Dragon Energy,16035.0,DRAGONENERGY,739.0,MOVE_DRAGONENERGY,0x2E3,DRAGONENERGY,N,,,,Gen8,,,,,,
Core Enforcer,15874.0,COREENFORCER,562.0,MOVE_COREENFORCER,0x232,COREENFORCER,Y,,Lvl40,,,,,,,,
Strange Steam,15813.0,STRANGESTEAM,706.0,MOVE_STRANGESTEAM,0x2C2,STRANGESTEAM,N,,,,Gen8,,,,,,
Multi-Attack,15692.0,MULTIATTACK,599.0,MOVE_MULTIATTACK,0x257,MULTIATTACK,N,,,,,,,,,,
Obstruct,15402.0,OBSTRUCT,708.0,MOVE_OBSTRUCT,0x2C4,OBSTRUCT,N,,,,Gen8,,,,,,
Confuse Ray,15271.0,CONFUSERAY,109.0,MOVE_CONFUSERAY,0x6D,CONFUSERAY,N,,,,,,,,,,
Snarl,15147.0,SNARL,418.0,MOVE_SNARL,0x1A2,SNARL,Y,,,108.0,,,,,,,
Thunder Fang,14957.0,THUNDERFANG,433.0,MOVE_THUNDERFANG,0x1B1,THUNDERFANG,N,,,,,,,,,,
Signal Beam,14938.0,SIGNALBEAM,324.0,MOVE_SIGNALBEAM,0x144,SIGNALBEAM,Y,Cinnabar Island Lab R1,,,,n,COMPILED,Cinnabar Island Lab R1,21.0,6.0,3-C
Sparkling Aria,14936.0,SPARKLINGARIA,612.0,MOVE_SPARKLINGARIA,0x264,SPARKLINGARIA,N,,,,,,,,,,
Electroweb,14562.0,ELECTROWEB,405.0,MOVE_ELECTROWEB,0x195,ELECTROWEB,N,,,,,,,,,,
Hidden Power Grass,14031.0,HIDDENPOWERGRASS,,,,,,,,,,,,,,,
Vacuum Wave,13737.0,VACUUMWAVE,399.0,MOVE_VACUUMWAVE,0x18F,VACUUMWAVE,N,,,,,,,,,,
Venoshock,12552.0,VENOSHOCK,422.0,MOVE_VENOSHOCK,0x1A6,VENOSHOCK,Y,,,63.0,,,,,,,
Solar Blade,12536.0,SOLARBLADE,611.0,MOVE_SOLARBLADE,0x263,SOLARBLADE,N,,,,,,,,,,
Fire Lash,12523.0,FIRELASH,587.0,MOVE_FIRELASH,0x24B,FIRELASH,N,,,,,,,,,,
Celebrate,12219.0,CELEBRATE,676.0,MOVE_CELEBRATE,0x2A4,CELEBRATE,N,,,,,,,,,,
Metal Burst,12205.0,METALBURST,521.0,MOVE_METALBURST,0x209,METALBURST,N,,,,,,,,,,
Stockpile,12164.0,STOCKPILE,254.0,MOVE_STOCKPILE,0xFE,STOCKPILE,N,,,,,,,,,,
Aura Wheel,12130.0,AURAWHEEL,699.0,MOVE_AURAWHEEL,0x2BB,AURAWHEEL,N,,,,Gen8,,,,,,
Frustration,11824.0,FRUSTRATION,218.0,MOVE_FRUSTRATION,0xDA,FRUSTRATION,Y,,,21.0,,,,,,,
Safeguard,11740.0,SAFEGUARD,219.0,MOVE_SAFEGUARD,0xDB,SAFEGUARD,Y,,,20.0,,,,,,,
Thousand Waves,11150.0,THOUSANDWAVES,573.0,MOVE_THOUSANDWAVES,0x23D,THOUSANDWAVES,Y,,Lvl40,,,,,,,,
Shadow Force,10927.0,SHADOWFORCE,496.0,MOVE_SHADOWFORCE,0x1F0,SHADOWFORCE,N,,,,,,,,,,
Imprison,10755.0,IMPRISON,286.0,MOVE_IMPRISON,0x11E,IMPRISON,N,,,,,,,,,,
Milk Drink,10470.0,MILKDRINK,208.0,MOVE_MILKDRINK,0xD0,MILKDRINK,N,,,,,,,,,,
Zing Zap,10427.0,ZINGZAP,624.0,MOVE_ZINGZAP,0x270,ZINGZAP,N,,,,,,,,,,
Drum Beating,10402.0,DRUMBEATING,694.0,MOVE_DRUMBEATING,0x2B6,DRUMBEATING,N,,,,Gen8,,,,,,
Sand Tomb,10345.0,SANDTOMB,328.0,MOVE_SANDTOMB,0x148,SANDTOMB,N,,,,,,,,,,
Techno Blast,10062.0,TECHNOBLAST,546.0,MOVE_TECHNOBLAST,0x222,TECHNOBLAST,N,,,,,,,,,,
Pollen Puff,9884.0,POLLENPUFF,601.0,MOVE_POLLENPUFF,0x259,POLLENPUFF,N,,,,,,,,,,
Poison Fang,9804.0,POISONFANG,305.0,MOVE_POISONFANG,0x131,POISONFANG,N,,,,,,,,,,
Power Trick,9680.0,POWERTRICK,524.0,MOVE_POWERTRICK,0x20C,POWERTRICK,N,,,,,,,,,,
Electric Terrain,9584.0,ELECTRICTERRAIN,625.0,MOVE_ELECTRICTERRAIN,0x271,ELECTRICTERRAIN,N,,,,,,,,,,
Work Up,9564.0,WORKUP,414.0,MOVE_WORKUP,0x19E,WORKUP,Y,,,98.0,,,,,,,
Zap Cannon,9415.0,ZAPCANNON,192.0,MOVE_ZAPCANNON,0xC0,ZAPCANNON,N,,,,,,,,,,
Freezing Glare,9362.0,FREEZINGGLARE,735.0,MOVE_FREEZINGGLARE,0x2DF,FREEZINGGLARE,N,,,,Gen8,,,,,,
Attract,9353.0,ATTRACT,213.0,MOVE_ATTRACT,0xD5,ATTRACT,Y,,,45.0,,,,,,,
Anchor Shot,9292.0,ANCHORSHOT,578.0,MOVE_ANCHORSHOT,0x242,ANCHORSHOT,N,,,,,,,,,,
Terrain Pulse,8889.0,TERRAINPULSE,721.0,MOVE_TERRAINPULSE,0x2D1,TERRAINPULSE,Y,,Lvl40,,Gen8,,,,,,
Ingrain,8837.0,INGRAIN,275.0,MOVE_INGRAIN,0x113,INGRAIN,N,,,,,,,,,,
Mind Reader,8586.0,MINDREADER,170.0,MOVE_MINDREADER,0xAA,MINDREADER,N,,,,,,,,,,
Hyperspace Fury,8406.0,HYPERSPACEFURY,511.0,MOVE_HYPERSPACEFURY,0x1FF,HYPERSPACEFURY,N,,,,,,,,,,
Roar of Time,8356.0,ROAROFTIME,492.0,MOVE_ROAROFTIME,0x1EC,ROAROFTIME,N,,,,,,,,,,
Skill Swap,7973.0,SKILLSWAP,285.0,MOVE_SKILLSWAP,0x11D,SKILLSWAP,Y,,,48.0,,,,,,,
Searing Shot,7821.0,SEARINGSHOT,575.0,MOVE_SEARINGSHOT,0x23F,SEARINGSHOT,N,,,,,,,,,,
Blast Burn,7782.0,BLASTBURN,307.0,MOVE_BLASTBURN,0x133,BLASTBURN,N,,,,,,,,,,
Psych Up,7692.0,PSYCHUP,244.0,MOVE_PSYCHUP,0xF4,PSYCHUP,N,,,,,,,,,,
Fissure,7688.0,FISSURE,90.0,MOVE_FISSURE,0x5A,FISSURE,N,,,,,,,,,,
Night Daze,7583.0,NIGHTDAZE,537.0,MOVE_NIGHTDAZE,0x219,NIGHTDAZE,N,,,,,,,,,,
Eerie Spell,7473.0,EERIESPELL,,,,,,,,,,,,,,,
Seed Flare,7368.0,SEEDFLARE,576.0,MOVE_SEEDFLARE,0x240,SEEDFLARE,N,,,,,,,,,,
Apple Acid,7252.0,APPLEACID,703.0,MOVE_APPLEACID,0x2BF,APPLEACID,N,,,,Gen8,,,,,,
Hydro Cannon,7184.0,HYDROCANNON,308.0,MOVE_HYDROCANNON,0x134,HYDROCANNON,N,,,,,,,,,,
Shore Up,7116.0,SHOREUP,609.0,MOVE_SHOREUP,0x261,SHOREUP,N,,,,,,,,,,
Mean Look,7089.0,MEANLOOK,212.0,MOVE_MEANLOOK,0xD4,MEANLOOK,N,,,,,,,,,,
Burning Jealousy,7014.0,BURNINGJEALOUSY,723.0,MOVE_BURNINGJEALOUSY,0x2D3,BURNINGJEALOUSY,Y,,Lvl40,,Gen8,,,,,,
Guillotine,7008.0,GUILLOTINE,12.0,MOVE_GUILLOTINE,0xC,GUILLOTINE,N,,,,,,,,,,
Force Palm,7003.0,FORCEPALM,375.0,MOVE_FORCEPALM,0x177,FORCEPALM,N,,,,,,,,,,
Circle Throw,6974.0,CIRCLETHROW,445.0,MOVE_CIRCLETHROW,0x1BD,CIRCLETHROW,N,,,,,,,,,,
Headbutt,6910.0,HEADBUTT,29.0,MOVE_HEADBUTT,0x1D,HEADBUTT,N,,,,,,,,,,
Trop Kick,6802.0,TROPKICK,623.0,MOVE_TROPKICK,0x26F,TROPKICK,N,,,,,,,,,,
No Retreat,6799.0,NORETREAT,682.0,MOVE_NORETREAT,0x2AA,NORETREAT,N,,,,Gen8,,,,,,
Burn Up,6744.0,BURNUP,583.0,MOVE_BURNUP,0x247,BURNUP,N,,,,,,,,,,
Steel Roller,6631.0,STEELROLLER,714.0,MOVE_STEELROLLER,0x2CA,STEELROLLER,Y,,Lvl40,,Gen8,,,,,,
Power Split,6614.0,POWERSPLIT,653.0,MOVE_POWERSPLIT,0x28D,POWERSPLIT,N,,,,,,,,,,
Psycho Boost,6585.0,PSYCHOBOOST,354.0,MOVE_PSYCHOBOOST,0x162,PSYCHOBOOST,N,,,,,,,,,,
Charm,6488.0,CHARM,204.0,MOVE_CHARM,0xCC,CHARM,N,,,,,,,,,,
Doom Desire,6275.0,DOOMDESIRE,353.0,MOVE_DOOMDESIRE,0x161,DOOMDESIRE,N,,,,,,,,,,
Wrap,6052.0,WRAP,35.0,MOVE_WRAP,0x23,WRAP,N,,,,,,,,,,
Conversion,6016.0,CONVERSION,160.0,MOVE_CONVERSION,0xA0,CONVERSION,N,,,,,,,,,,
Mega Kick,5799.0,MEGAKICK,25.0,MOVE_MEGAKICK,0x19,MEGAKICK,N,,,,,,,,,,
Horn Drill,5721.0,HORNDRILL,32.0,MOVE_HORNDRILL,0x20,HORNDRILL,N,,,,,,,,,,
Eternabeam,5586.0,ETERNABEAM,711.0,MOVE_ETERNABEAM,0x2C7,ETERNABEAM,N,,,,Gen8,,,,,,
Flying Press,5463.0,FLYINGPRESS,644.0,MOVE_FLYINGPRESS,0x284,FLYINGPRESS,N,,,,,,,,,,
Shadow Punch,5453.0,SHADOWPUNCH,325.0,MOVE_SHADOWPUNCH,0x145,SHADOWPUNCH,N,,,,,,,,,,
Assist,5420.0,ASSIST,274.0,MOVE_ASSIST,0x112,ASSIST,N,,,,,,,,,,
Flail,5226.0,FLAIL,175.0,MOVE_FLAIL,0xAF,FLAIL,N,,,,,,,,,,
Acid Spray,5172.0,ACIDSPRAY,425.0,MOVE_ACIDSPRAY,0x1A9,ACIDSPRAY,N,,,,,,,,,,
Payback,5038.0,PAYBACK,430.0,MOVE_PAYBACK,0x1AE,PAYBACK,Y,,,66.0,,,,,,,
Lash Out,5032.0,LASHOUT,724.0,MOVE_LASHOUT,0x2D4,LASHOUT,Y,,Lvl40,,Gen8,,,,,,
Self-Destruct,4968.0,SELFDESTRUCT,120.0,MOVE_SELFDESTRUCT,0x78,SELFDESTRUCT,N,,,,,,,,,,
Fire Spin,4893.0,FIRESPIN,83.0,MOVE_FIRESPIN,0x53,FIRESPIN,N,,,,,,,,,,
Grav Apple,4811.0,GRAVAPPLE,704.0,MOVE_GRAVAPPLE,0x2C0,GRAVAPPLE,N,,,,Gen8,,,,,,
Gear Grind,4809.0,GEARGRIND,505.0,MOVE_GEARGRIND,0x1F9,GEARGRIND,N,,,,,,,,,,
Dark Void,4625.0,DARKVOID,487.0,MOVE_DARKVOID,0x1E7,DARKVOID,N,,,,,,,,,,
Parabolic Charge,4499.0,PARABOLICCHARGE,574.0,MOVE_PARABOLICCHARGE,0x23E,PARABOLICCHARGE,N,,,,,,,,,,
Snore,4327.0,SNORE,173.0,MOVE_SNORE,0xAD,SNORE,N,,,,,,,,,,
Tackle,4244.0,TACKLE,33.0,MOVE_TACKLE,0x21,TACKLE,N,,,,,,,,,,
Refresh,4207.0,REFRESH,287.0,MOVE_REFRESH,0x11F,REFRESH,N,,,,,,,,,,
Muddy Water,4141.0,MUDDYWATER,330.0,MOVE_MUDDYWATER,0x14A,MUDDYWATER,N,,,,,,,,,,
Thief,4131.0,THIEF,168.0,MOVE_THIEF,0xA8,THIEF,Y,,,46.0,,,,,,,
Sing,3990.0,SING,47.0,MOVE_SING,0x2F,SING,N,,,,,,,,,,
Petal Blizzard,3892.0,PETALBLIZZARD,490.0,MOVE_PETALBLIZZARD,0x1EA,PETALBLIZZARD,N,,,,,,,,,,
Dive,3823.0,DIVE,291.0,MOVE_DIVE,0x123,DIVE,Y,,,125.0,,,,,,,
Prismatic Laser,3706.0,PRISMATICLASER,603.0,MOVE_PRISMATICLASER,0x25B,PRISMATICLASER,N,,,,,,,,,,
Hidden Power Electric,3668.0,HIDDENPOWERELECTRIC,,,,,,,,,,,,,,,
Mud-Slap,3618.0,MUDSLAP,189.0,MOVE_MUDSLAP,0xBD,MUDSLAP,N,,,,,,,,,,
Psycho Shift,3598.0,PSYCHOSHIFT,525.0,MOVE_PSYCHOSHIFT,0x20D,PSYCHOSHIFT,N,,,,,,,,,,
Retaliate,3540.0,RETALIATE,498.0,MOVE_RETALIATE,0x1F2,RETALIATE,N,,,,,,,,,,
Bulldoze,3534.0,BULLDOZE,404.0,MOVE_BULLDOZE,0x194,BULLDOZE,Y,,,96.0,,,,,,,
Fury Cutter,3513.0,FURYCUTTER,210.0,MOVE_FURYCUTTER,0xD2,FURYCUTTER,N,,,,,,,,,,
Meteor Assault,3510.0,METEORASSAULT,710.0,MOVE_METEORASSAULT,0x2C6,METEORASSAULT,N,,,,Gen8,,,,,,
Dragon Breath,3449.0,DRAGONBREATH,225.0,MOVE_DRAGONBREATH,0xE1,DRAGONBREATH,N,,,,,,,,,,
Heart Swap,3406.0,HEARTSWAP,541.0,MOVE_HEARTSWAP,0x21D,HEARTSWAP,N,,,,,,,,,,
Petal Dance,3390.0,PETALDANCE,80.0,MOVE_PETALDANCE,0x50,PETALDANCE,N,,,,,,,,,,
Happy Hour,3272.0,HAPPYHOUR,672.0,MOVE_HAPPYHOUR,0x2A0,HAPPYHOUR,N,,,,,,,,,,
Fling,3216.0,FLING,643.0,MOVE_FLING,0x283,FLING,Y,,,117.0,,,,,,,
Confide,3153.0,CONFIDE,564.0,MOVE_CONFIDE,0x234,CONFIDE,N,,,,,,,,,,
Octolock,3140.0,OCTOLOCK,687.0,MOVE_OCTOLOCK,0x2AF,OCTOLOCK,N,,,,Gen8,,,,,,
Simple Beam,3114.0,SIMPLEBEAM,655.0,MOVE_SIMPLEBEAM,0x28F,SIMPLEBEAM,N,,,,,,,,,,
Frenzy Plant,3069.0,FRENZYPLANT,338.0,MOVE_FRENZYPLANT,0x152,FRENZYPLANT,N,,,,,,,,,,
Mud Shot,2985.0,MUDSHOT,341.0,MOVE_MUDSHOT,0x155,MUDSHOT,N,,,,,,,,,,
Head Charge,2977.0,HEADCHARGE,545.0,MOVE_HEADCHARGE,0x221,HEADCHARGE,N,,,,,,,,,,
Frost Breath,2974.0,FROSTBREATH,407.0,MOVE_FROSTBREATH,0x197,FROSTBREATH,Y,,,97.0,,,,,,,
Splash,2927.0,SPLASH,150.0,MOVE_SPLASH,0x96,SPLASH,N,,,,,,,,,,
Lovely Kiss,2899.0,LOVELYKISS,142.0,MOVE_LOVELYKISS,0x8E,LOVELYKISS,N,,,,,,,,,,
Bone Rush,2891.0,BONERUSH,198.0,MOVE_BONERUSH,0xC6,BONERUSH,N,,,,,,,,,,
False Surrender,2784.0,FALSESURRENDER,709.0,MOVE_FALSESURRENDER,0x2C5,FALSESURRENDER,N,,,,Gen8,,,,,,
Relic Song,2682.0,RELICSONG,547.0,MOVE_RELICSONG,0x223,RELICSONG,Y,,Lvl40,,,,,,,,
Dual Chop,2570.0,DUALCHOP,437.0,MOVE_DUALCHOP,0x1B5,DUALCHOP,N,,,,,,,,,,
Air Cutter,2500.0,AIRCUTTER,314.0,MOVE_AIRCUTTER,0x13A,AIRCUTTER,Y,Cinnabar Island Lab R3,,,,n,COMPILED,Cinnabar Island Lab R3,31.0,6.0,1-A
String Shot,2445.0,STRINGSHOT,81.0,MOVE_STRINGSHOT,0x51,STRINGSHOT,N,,,,,,,,,,
Crush Claw,2417.0,CRUSHCLAW,306.0,MOVE_CRUSHCLAW,0x132,CRUSHCLAW,N,,,,,,,,,,
Hidden Power Rock,2322.0,HIDDENPOWERROCK,,,,,,,,,,,,,,,
Hidden Power Fighting,2305.0,HIDDENPOWERFIGHTING,,,,,,,,,,,,,,,
Skitter Smack,2299.0,SKITTERSMACK,722.0,MOVE_SKITTERSMACK,0x2D2,SKITTERSMACK,Y,,Lvl40,,Gen8,,,,,,
Low Sweep,2290.0,LOWSWEEP,417.0,MOVE_LOWSWEEP,0x1A1,LOWSWEEP,Y,,,78.0,,,,,,,
Torment,2210.0,TORMENT,259.0,MOVE_TORMENT,0x103,TORMENT,Y,,,41.0,,,,,,,
Bite,2193.0,BITE,44.0,MOVE_BITE,0x2C,BITE,N,,,,,,,,,,
Nightmare,2087.0,NIGHTMARE,171.0,MOVE_NIGHTMARE,0xAB,NIGHTMARE,N,,,,,,,,,,
Nature Power,2084.0,NATUREPOWER,267.0,MOVE_NATUREPOWER,0x10B,NATUREPOWER,Y,,,120.0,,,,,,,
Shell Trap,2055.0,SHELLTRAP,608.0,MOVE_SHELLTRAP,0x260,SHELLTRAP,N,,,,,,,,,,
Reflect Type,1992.0,REFLECTTYPE,654.0,MOVE_REFLECTTYPE,0x28E,REFLECTTYPE,N,,,,,,,,,,
Psybeam,1989.0,PSYBEAM,60.0,MOVE_PSYBEAM,0x3C,PSYBEAM,N,,,,,,,,,,
Rollout,1986.0,ROLLOUT,205.0,MOVE_ROLLOUT,0xCD,ROLLOUT,N,,,,,,,,,,
Supersonic,1980.0,SUPERSONIC,48.0,MOVE_SUPERSONIC,0x30,SUPERSONIC,N,,,,,,,,,,
Arm Thrust,1978.0,ARMTHRUST,292.0,MOVE_ARMTHRUST,0x124,ARMTHRUST,N,,,,,,,,,,
Chatter,1954.0,CHATTER,563.0,MOVE_CHATTER,0x233,CHATTER,N,,,,,,,,,,
Defense Curl,1916.0,DEFENSECURL,111.0,MOVE_DEFENSECURL,0x6F,DEFENSECURL,N,,,,,,,,,,
Spite,1899.0,SPITE,180.0,MOVE_SPITE,0xB4,SPITE,N,,,,,,,,,,
Echoed Voice,1760.0,ECHOEDVOICE,538.0,MOVE_ECHOEDVOICE,0x21A,ECHOEDVOICE,Y,,,113.0,,,,,,,
Brine,1756.0,BRINE,460.0,MOVE_BRINE,0x1CC,BRINE,Y,,,55.0,,,,,,,
Howl,1740.0,HOWL,336.0,MOVE_HOWL,0x150,HOWL,N,,,,,,,,,,
Rock Wrecker,1726.0,ROCKWRECKER,394.0,MOVE_ROCKWRECKER,0x18A,ROCKWRECKER,N,,,,,,,,,,
Jump Kick,1703.0,JUMPKICK,26.0,MOVE_JUMPKICK,0x1A,JUMPKICK,N,,,,,,,,,,
Brutal Swing,1661.0,BRUTALSWING,582.0,MOVE_BRUTALSWING,0x246,BRUTALSWING,Y,,,105.0,,,,,,,
Magic Powder,1655.0,MAGICPOWDER,684.0,MOVE_MAGICPOWDER,0x2AC,MAGICPOWDER,N,,,,Gen8,,,,,,
Slash,1609.0,SLASH,163.0,MOVE_SLASH,0xA3,SLASH,N,,,,,,,,,,
Dragon Hammer,1589.0,DRAGONHAMMER,586.0,MOVE_DRAGONHAMMER,0x24A,DRAGONHAMMER,N,,,,,,,,,,
Wing Attack,1504.0,WINGATTACK,17.0,MOVE_WINGATTACK,0x11,WINGATTACK,N,,,,,,,,,,
Hyperspace Hole,1502.0,HYPERSPACEHOLE,509.0,MOVE_HYPERSPACEHOLE,0x1FD,HYPERSPACEHOLE,N,,,,,,,,,,
Hidden Power Flying,1476.0,HIDDENPOWERFLYING,,,,,,,,,,,,,,,
Sand Attack,1459.0,SANDATTACK,28.0,MOVE_SANDATTACK,0x1C,SANDATTACK,N,,,,,,,,,,
Grass Whistle,1433.0,GRASSWHISTLE,320.0,MOVE_GRASSWHISTLE,0x140,GRASSWHISTLE,N,,,,,,,,,,
Revenge,1408.0,REVENGE,279.0,MOVE_REVENGE,0x117,REVENGE,N,,,,,,,,,,
Magical Leaf,1405.0,MAGICALLEAF,345.0,MOVE_MAGICALLEAF,0x159,MAGICALLEAF,N,,,,,,,,,,
Baby-Doll Eyes,1381.0,BABYDOLLEYES,462.0,MOVE_BABYDOLLEYES,0x1CE,BABYDOLLEYES,N,,,,,,,,,,
Laser Focus,1361.0,LASERFOCUS,594.0,MOVE_LASERFOCUS,0x252,LASERFOCUS,N,,,,,,,,,,
Double Hit,1359.0,DOUBLEHIT,438.0,MOVE_DOUBLEHIT,0x1B6,DOUBLEHIT,N,,,,,,,,,,
Ice Burn,1294.0,ICEBURN,553.0,MOVE_ICEBURN,0x229,ICEBURN,N,,,,,,,,,,
Revelation Dance,1290.0,REVELATIONDANCE,606.0,MOVE_REVELATIONDANCE,0x25E,REVELATIONDANCE,N,,,,,,,,,,
Wake-Up Slap,1274.0,WAKEUPSLAP,454.0,MOVE_WAKEUPSLAP,0x1C6,WAKEUPSLAP,N,,,,,,,,,,
Gravity,1242.0,GRAVITY,645.0,MOVE_GRAVITY,0x285,GRAVITY,N,,,,,,,,,,
Psychic Terrain,1238.0,PSYCHICTERRAIN,628.0,MOVE_PSYCHICTERRAIN,0x274,PSYCHICTERRAIN,N,,,,,,,,,,
Hidden Power Water,1237.0,HIDDENPOWERWATER,,,,,,,,,,,,,,,
Attack Order,1180.0,ATTACKORDER,512.0,MOVE_ATTACKORDER,0x200,ATTACKORDER,N,,,,,,,,,,
Storm Throw,1073.0,STORMTHROW,421.0,MOVE_STORMTHROW,0x1A5,STORMTHROW,N,,,,,,,,,,
Fairy Lock,1073.0,FAIRYLOCK,666.0,MOVE_FAIRYLOCK,0x29A,FAIRYLOCK,N,,,,,,,,,,
Karate Chop,1069.0,KARATECHOP,2.0,MOVE_KARATECHOP,0x2,KARATECHOP,N,,,,,,,,,,
Incinerate,1020.0,INCINERATE,474.0,MOVE_INCINERATE,0x1DA,INCINERATE,Y,,,94.0,,,,,,,
Heal Pulse,1018.0,HEALPULSE,448.0,MOVE_HEALPULSE,0x1C0,HEALPULSE,N,,,,,,,,,,
Venom Drench,1016.0,VENOMDRENCH,659.0,MOVE_VENOMDRENCH,0x293,VENOMDRENCH,N,,,,,,,,,,
Stuff Cheeks,1009.0,STUFFCHEEKS,681.0,MOVE_STUFFCHEEKS,0x2A9,STUFFCHEEKS,N,,,,Gen8,,,,,,
Shock Wave,1008.0,SHOCKWAVE,351.0,MOVE_SHOCKWAVE,0x15F,SHOCKWAVE,Y,,,34.0,,,,,,,
Crush Grip,1008.0,CRUSHGRIP,542.0,MOVE_CRUSHGRIP,0x21E,CRUSHGRIP,N,,,,,,,,,,
Charge,989.0,CHARGE,268.0,MOVE_CHARGE,0x10C,CHARGE,N,,,,,,,,,,
Feather Dance,970.0,FEATHERDANCE,297.0,MOVE_FEATHERDANCE,0x129,FEATHERDANCE,N,,,,,,,,,,
Ominous Wind,969.0,OMINOUSWIND,388.0,MOVE_OMINOUSWIND,0x184,OMINOUSWIND,N,,,,,,,,,,
Struggle Bug,959.0,STRUGGLEBUG,419.0,MOVE_STRUGGLEBUG,0x1A3,STRUGGLEBUG,Y,,,95.0,,,,,,,
Hidden Power Dragon,942.0,HIDDENPOWERDRAGON,,,,,,,,,,,,,,,
Stomp,934.0,STOMP,23.0,MOVE_STOMP,0x17,STOMP,N,,,,,,,,,,
Noble Roar,918.0,NOBLEROAR,558.0,MOVE_NOBLEROAR,0x22E,NOBLEROAR,N,,,,,,,,,,
Triple Kick,900.0,TRIPLEKICK,167.0,MOVE_TRIPLEKICK,0xA7,TRIPLEKICK,N,,,,,,,,,,
Lock-On,895.0,LOCKON,199.0,MOVE_LOCKON,0xC7,LOCKON,N,,,,,,,,,,
Rock Smash,879.0,ROCKSMASH,249.0,MOVE_ROCKSMASH,0xF9,ROCKSMASH,Y,,,126.0,,,,,,,
Spark,875.0,SPARK,209.0,MOVE_SPARK,0xD1,SPARK,N,,,,,,,,,,
Sky Uppercut,866.0,SKYUPPERCUT,327.0,MOVE_SKYUPPERCUT,0x147,SKYUPPERCUT,N,,,,,,,,,,
Double Kick,843.0,DOUBLEKICK,24.0,MOVE_DOUBLEKICK,0x18,DOUBLEKICK,N,,,,,,,,,,
Speed Swap,836.0,SPEEDSWAP,614.0,MOVE_SPEEDSWAP,0x266,SPEEDSWAP,N,,,,,,,,,,
Thrash,829.0,THRASH,37.0,MOVE_THRASH,0x25,THRASH,N,,,,,,,,,,
Metal Sound,786.0,METALSOUND,319.0,MOVE_METALSOUND,0x13F,METALSOUND,N,,,,,,,,,,
Mimic,786.0,MIMIC,102.0,MOVE_MIMIC,0x66,MIMIC,N,,,,,,,,,,
Scratch,779.0,SCRATCH,10.0,MOVE_SCRATCH,0xA,SCRATCH,N,,,,,,,,,,
Skull Bash,761.0,SKULLBASH,130.0,MOVE_SKULLBASH,0x82,SKULLBASH,N,,,,,,,,,,
Defend Order,756.0,DEFENDORDER,513.0,MOVE_DEFENDORDER,0x201,DEFENDORDER,N,,,,,,,,,,
Toxic Thread,741.0,TOXICTHREAD,622.0,MOVE_TOXICTHREAD,0x26E,TOXICTHREAD,N,,,,,,,,,,
Covet,722.0,COVET,343.0,MOVE_COVET,0x157,COVET,N,,,,,,,,,,
Worry Seed,660.0,WORRYSEED,475.0,MOVE_WORRYSEED,0x1DB,WORRYSEED,N,,,,,,,,,,
Trick-or-Treat,659.0,TRICKORTREAT,658.0,MOVE_TRICKORTREAT,0x292,TRICKORTREAT,N,,,,,,,,,,
Jaw Lock,642.0,JAWLOCK,680.0,MOVE_JAWLOCK,0x2A8,JAWLOCK,N,,,,Gen8,,,,,,
Dragon Rage,637.0,DRAGONRAGE,82.0,MOVE_DRAGONRAGE,0x52,DRAGONRAGE,N,,,,,,,,,,
Screech,617.0,SCREECH,103.0,MOVE_SCREECH,0x67,SCREECH,N,,,,,,,,,,
Luster Purge,608.0,LUSTERPURGE,295.0,MOVE_LUSTERPURGE,0x127,LUSTERPURGE,N,,,,,,,,,,
Grassy Terrain,608.0,GRASSYTERRAIN,626.0,MOVE_GRASSYTERRAIN,0x272,GRASSYTERRAIN,N,,,,,,,,,,
Bide,595.0,BIDE,117.0,MOVE_BIDE,0x75,BIDE,N,,,,,,,,,,
Beak Blast,590.0,BEAKBLAST,581.0,MOVE_BEAKBLAST,0x245,BEAKBLAST,N,,,,,,,,,,
Inferno,578.0,INFERNO,435.0,MOVE_INFERNO,0x1B3,INFERNO,N,,,,,,,,,,
Razor Leaf,578.0,RAZORLEAF,75.0,MOVE_RAZORLEAF,0x4B,RAZORLEAF,N,,,,,,,,,,
Magic Room,577.0,MAGICROOM,633.0,MOVE_MAGICROOM,0x279,MAGICROOM,N,,,,,,,,,,
Gastro Acid,564.0,GASTROACID,476.0,MOVE_GASTROACID,0x1DC,GASTROACID,N,,,,,,,,,,
Teeter Dance,559.0,TEETERDANCE,298.0,MOVE_TEETERDANCE,0x12A,TEETERDANCE,N,,,,,,,,,,
Eerie Impulse,556.0,EERIEIMPULSE,568.0,MOVE_EERIEIMPULSE,0x238,EERIEIMPULSE,N,,,,,,,,,,
Bind,550.0,BIND,20.0,MOVE_BIND,0x14,BIND,N,,,,,,,,,,
Ice Hammer,550.0,ICEHAMMER,593.0,MOVE_ICEHAMMER,0x251,ICEHAMMER,N,,,,,,,,,,
Flash,548.0,FLASH,148.0,MOVE_FLASH,0x94,FLASH,Y,,,70.0,,,,,,,
Barrier,546.0,BARRIER,112.0,MOVE_BARRIER,0x70,BARRIER,N,,,,,,,,,,
Hidden Power Psychic,516.0,HIDDENPOWERPSYCHIC,,,,,,,,,,,,,,,
Spike Cannon,492.0,SPIKECANNON,131.0,MOVE_SPIKECANNON,0x83,SPIKECANNON,N,,,,,,,,,,
Disarming Voice,492.0,DISARMINGVOICE,467.0,MOVE_DISARMINGVOICE,0x1D3,DISARMINGVOICE,N,,,,,,,,,,
Snap Trap,476.0,SNAPTRAP,695.0,MOVE_SNAPTRAP,0x2B7,SNAPTRAP,N,,,,Gen8,,,,,,
Corrosive Gas,461.0,CORROSIVEGAS,726.0,MOVE_CORROSIVEGAS,0x2D6,CORROSIVEGAS,Y,,Lvl40,,Gen8,,,,,,
Octazooka,459.0,OCTAZOOKA,190.0,MOVE_OCTAZOOKA,0xBE,OCTAZOOKA,N,,,,,,,,,,
Fake Tears,459.0,FAKETEARS,313.0,MOVE_FAKETEARS,0x139,FAKETEARS,N,,,,,,,,,,
Swift,454.0,SWIFT,129.0,MOVE_SWIFT,0x81,SWIFT,N,,,,,,,,,,
Heart Stamp,449.0,HEARTSTAMP,408.0,MOVE_HEARTSTAMP,0x198,HEARTSTAMP,N,,,,,,,,,,
Tar Shot,442.0,TARSHOT,683.0,MOVE_TARSHOT,0x2AB,TARSHOT,N,,,,Gen8,,,,,,
Life Dew,436.0,LIFEDEW,707.0,MOVE_LIFEDEW,0x2C3,LIFEDEW,N,,,,Gen8,,,,,,
Snatch,433.0,SNATCH,289.0,MOVE_SNATCH,0x121,SNATCH,N,,,,,,,,,,
Decorate,426.0,DECORATE,693.0,MOVE_DECORATE,0x2B5,DECORATE,N,,,,Gen8,,,,,,
Vital Throw,418.0,VITALTHROW,233.0,MOVE_VITALTHROW,0xE9,VITALTHROW,N,,,,,,,,,,
Harden,415.0,HARDEN,106.0,MOVE_HARDEN,0x6A,HARDEN,N,,,,,,,,,,
Belch,413.0,BELCH,641.0,MOVE_BELCH,0x281,BELCH,N,,,,,,,,,,
Hidden Power Dark,403.0,HIDDENPOWERDARK,,,,,,,,,,,,,,,
Flatter,403.0,FLATTER,260.0,MOVE_FLATTER,0x104,FLATTER,N,,,,,,,,,,
Me First,399.0,MEFIRST,522.0,MOVE_MEFIRST,0x20A,MEFIRST,N,,,,,,,,,,
Follow Me,392.0,FOLLOWME,266.0,MOVE_FOLLOWME,0x10A,FOLLOWME,N,,,,,,,,,,
Bubble Beam,382.0,BUBBLEBEAM,61.0,MOVE_BUBBLEBEAM,0x3D,BUBBLEBEAM,N,,,,,,,,,,
Fury Swipes,371.0,FURYSWIPES,154.0,MOVE_FURYSWIPES,0x9A,FURYSWIPES,N,,,,,,,,,,
Psywave,366.0,PSYWAVE,149.0,MOVE_PSYWAVE,0x95,PSYWAVE,N,,,,,,,,,,
Confusion,349.0,CONFUSION,93.0,MOVE_CONFUSION,0x5D,CONFUSION,N,,,,,,,,,,
Rage Powder,330.0,RAGEPOWDER,453.0,MOVE_RAGEPOWDER,0x1C5,RAGEPOWDER,N,,,,,,,,,,
Take Down,321.0,TAKEDOWN,36.0,MOVE_TAKEDOWN,0x24,TAKEDOWN,N,,,,,,,,,,
Swallow,319.0,SWALLOW,256.0,MOVE_SWALLOW,0x100,SWALLOW,N,,,,,,,,,,
Uproar,317.0,UPROAR,253.0,MOVE_UPROAR,0xFD,UPROAR,N,,,,,,,,,,
Mirror Move,310.0,MIRRORMOVE,119.0,MOVE_MIRRORMOVE,0x77,MIRRORMOVE,N,,,,,,,,,,
Poison Powder,301.0,POISONPOWDER,77.0,MOVE_POISONPOWDER,0x4D,POISONPOWDER,N,,,,,,,,,,
Metal Claw,297.0,METALCLAW,232.0,MOVE_METALCLAW,0xE8,METALCLAW,N,,,,,,,,,,
Tail Whip,284.0,TAILWHIP,39.0,MOVE_TAILWHIP,0x27,TAILWHIP,N,,,,,,,,,,
Sweet Kiss,284.0,SWEETKISS,186.0,MOVE_SWEETKISS,0xBA,SWEETKISS,N,,,,,,,,,,
Grass Pledge,277.0,GRASSPLEDGE,629.0,MOVE_GRASSPLEDGE,0x275,GRASSPLEDGE,N,,,,,,,,,,
Power Swap,277.0,POWERSWAP,523.0,MOVE_POWERSWAP,0x20B,POWERSWAP,N,,,,,,,,,,
Conversion 2,271.0,CONVERSION2,176.0,MOVE_CONVERSION2,0xB0,CONVERSION2,N,,,,,,,,,,
Forest's Curse,271.0,FOREST'SCURSE,,,,,,,,,,,,,,,
Wring Out,270.0,WRINGOUT,526.0,MOVE_WRINGOUT,0x20E,WRINGOUT,N,,,,,,,,,,
Absorb,269.0,ABSORB,71.0,MOVE_ABSORB,0x47,ABSORB,N,,,,,,,,,,
Strength,267.0,STRENGTH,70.0,MOVE_STRENGTH,0x46,STRENGTH,Y,,,124.0,,,,,,,
Breaking Swipe,266.0,BREAKINGSWIPE,700.0,MOVE_BREAKINGSWIPE,0x2BC,BREAKINGSWIPE,N,,,,Gen8,,,,,,
Double Slap,259.0,DOUBLESLAP,3.0,MOVE_DOUBLESLAP,0x3,DOUBLESLAP,N,,,,,,,,,,
Lick,255.0,LICK,122.0,MOVE_LICK,0x7A,LICK,N,,,,,,,,,,
Silver Wind,233.0,SILVERWIND,318.0,MOVE_SILVERWIND,0x13E,SILVERWIND,Y,,,62.0,,,,,,,
Punishment,223.0,PUNISHMENT,484.0,MOVE_PUNISHMENT,0x1E4,PUNISHMENT,N,,,,,,,,,,
Ember,221.0,EMBER,52.0,MOVE_EMBER,0x34,EMBER,N,,,,,,,,,,
Pound,214.0,POUND,1.0,MOVE_POUND,0x1,POUND,N,,,,,,,,,,
Water Gun,214.0,WATERGUN,55.0,MOVE_WATERGUN,0x37,WATERGUN,N,,,,,,,,,,
Misty Terrain,201.0,MISTYTERRAIN,627.0,MOVE_MISTYTERRAIN,0x273,MISTYTERRAIN,N,,,,,,,,,,
Feint Attack,187.0,FEINTATTACK,185.0,MOVE_FEINTATTACK,0xB9,FEINTATTACK,N,,,,,,,,,,
Helping Hand,187.0,HELPINGHAND,270.0,MOVE_HELPINGHAND,0x10E,HELPINGHAND,N,,,,,,,,,,
Flame Wheel,184.0,FLAMEWHEEL,172.0,MOVE_FLAMEWHEEL,0xAC,FLAMEWHEEL,N,,,,,,,,,,
Hidden Power Bug,182.0,HIDDENPOWERBUG,,,,,,,,,,,,,,,
Acid,180.0,ACID,51.0,MOVE_ACID,0x33,ACID,N,,,,,,,,,,
Powder,177.0,POWDER,652.0,MOVE_POWDER,0x28C,POWDER,N,,,,,,,,,,
Present,170.0,PRESENT,217.0,MOVE_PRESENT,0xD9,PRESENT,N,,,,,,,,,,
Mist Ball,169.0,MISTBALL,296.0,MOVE_MISTBALL,0x128,MISTBALL,N,,,,,,,,,,
Fury Attack,163.0,FURYATTACK,31.0,MOVE_FURYATTACK,0x1F,FURYATTACK,N,,,,,,,,,,
Hidden Power Poison,161.0,HIDDENPOWERPOISON,,,,,,,,,,,,,,,
Scary Face,161.0,SCARYFACE,184.0,MOVE_SCARYFACE,0xB8,SCARYFACE,N,,,,,,,,,,
Leaf Tornado,155.0,LEAFTORNADO,416.0,MOVE_LEAFTORNADO,0x1A0,LEAFTORNADO,N,,,,,,,,,,
Pluck,153.0,PLUCK,451.0,MOVE_PLUCK,0x1C3,PLUCK,Y,,,88.0,,,,,,,
Hold Hands,151.0,HOLDHANDS,677.0,MOVE_HOLDHANDS,0x2A5,HOLDHANDS,N,,,,,,,,,,
Aurora Beam,147.0,AURORABEAM,62.0,MOVE_AURORABEAM,0x3E,AURORABEAM,N,,,,,,,,,,
Astonish,141.0,ASTONISH,310.0,MOVE_ASTONISH,0x136,ASTONISH,N,,,,,,,,,,
Hyper Fang,140.0,HYPERFANG,158.0,MOVE_HYPERFANG,0x9E,HYPERFANG,N,,,,,,,,,,
Floral Healing,138.0,FLORALHEALING,590.0,MOVE_FLORALHEALING,0x24E,FLORALHEALING,N,,,,,,,,,,
Razor Wind,132.0,RAZORWIND,13.0,MOVE_RAZORWIND,0xD,RAZORWIND,N,,,,,,,,,,
Fairy Wind,129.0,FAIRYWIND,461.0,MOVE_FAIRYWIND,0x1CD,FAIRYWIND,N,,,,,,,,,,
Instruct,126.0,INSTRUCT,670.0,MOVE_INSTRUCT,0x29E,INSTRUCT,N,,,,,,,,,,
Magnetic Flux,125.0,MAGNETICFLUX,651.0,MOVE_MAGNETICFLUX,0x28B,MAGNETICFLUX,N,,,,,,,,,,
Heal Order,125.0,HEALORDER,514.0,MOVE_HEALORDER,0x202,HEALORDER,N,,,,,,,,,,
Growl,121.0,GROWL,45.0,MOVE_GROWL,0x2D,GROWL,N,,,,,,,,,,
Mud Sport,120.0,MUDSPORT,300.0,MOVE_MUDSPORT,0x12C,MUDSPORT,N,,,,,,,,,,
Smokescreen,116.0,SMOKESCREEN,108.0,MOVE_SMOKESCREEN,0x6C,SMOKESCREEN,N,,,,,,,,,,
Tearful Look,114.0,TEARFULLOOK,620.0,MOVE_TEARFULLOOK,0x26C,TEARFULLOOK,N,,,,,,,,,,
Leer,113.0,LEER,43.0,MOVE_LEER,0x2B,LEER,N,,,,,,,,,,
Odor Sleuth,112.0,ODORSLEUTH,316.0,MOVE_ODORSLEUTH,0x13C,ODORSLEUTH,N,,,,,,,,,,
Foresight,111.0,FORESIGHT,193.0,MOVE_FORESIGHT,0xC1,FORESIGHT,N,,,,,,,,,,
Hidden Power Steel,106.0,HIDDENPOWERSTEEL,,,,,,,,,,,,,,,
Rock Throw,104.0,ROCKTHROW,88.0,MOVE_ROCKTHROW,0x58,ROCKTHROW,N,,,,,,,,,,
Captivate,101.0,CAPTIVATE,515.0,MOVE_CAPTIVATE,0x203,CAPTIVATE,Y,,,110.0,,,,,,,
Grudge,100.0,GRUDGE,288.0,MOVE_GRUDGE,0x120,GRUDGE,N,,,,,,,,,,
Electrify,100.0,ELECTRIFY,664.0,MOVE_ELECTRIFY,0x298,ELECTRIFY,N,,,,,,,,,,
Cut,97.0,CUT,15.0,MOVE_CUT,0xF,CUT,Y,,,121.0,,,,,,,
Secret Power,88.0,SECRETPOWER,290.0,MOVE_SECRETPOWER,0x122,SECRETPOWER,Y,,,43.0,,,,,,,
Powder Snow,80.0,POWDERSNOW,181.0,MOVE_POWDERSNOW,0xB5,POWDERSNOW,N,,,,,,,,,,
Sonic Boom,77.0,SONICBOOM,49.0,MOVE_SONICBOOM,0x31,SONICBOOM,N,,,,,,,,,,
Spider Web,77.0,SPIDERWEB,169.0,MOVE_SPIDERWEB,0xA9,SPIDERWEB,N,,,,,,,,,,
Vine Whip,75.0,VINEWHIP,22.0,MOVE_VINEWHIP,0x16,VINEWHIP,N,,,,,,,,,,
Feint,73.0,FEINT,488.0,MOVE_FEINT,0x1E8,FEINT,N,,,,,,,,,,
Natural Gift,72.0,NATURALGIFT,506.0,MOVE_NATURALGIFT,0x1FA,NATURALGIFT,Y,,,114.0,,,,,,,
Peck,70.0,PECK,64.0,MOVE_PECK,0x40,PECK,N,,,,,,,,,,
Magnitude,70.0,MAGNITUDE,222.0,MOVE_MAGNITUDE,0xDE,MAGNITUDE,N,,,,,,,,,,
Ice Ball,67.0,ICEBALL,301.0,MOVE_ICEBALL,0x12D,ICEBALL,N,,,,,,,,,,
Gust,64.0,GUST,16.0,MOVE_GUST,0x10,GUST,N,,,,,,,,,,
Tickle,63.0,TICKLE,321.0,MOVE_TICKLE,0x141,TICKLE,N,,,,,,,,,,
Dizzy Punch,61.0,DIZZYPUNCH,146.0,MOVE_DIZZYPUNCH,0x92,DIZZYPUNCH,N,,,,,,,,,,
Needle Arm,61.0,NEEDLEARM,302.0,MOVE_NEEDLEARM,0x12E,NEEDLEARM,N,,,,,,,,,,
Poison Sting,57.0,POISONSTING,40.0,MOVE_POISONSTING,0x28,POISONSTING,N,,,,,,,,,,
Wide Guard,56.0,WIDEGUARD,638.0,MOVE_WIDEGUARD,0x27E,WIDEGUARD,N,,,,,,,,,,
Role Play,55.0,ROLEPLAY,272.0,MOVE_ROLEPLAY,0x110,ROLEPLAY,N,,,,,,,,,,
Ally Switch,55.0,ALLYSWITCH,,,,,,,,,,,,,,,
Withdraw,53.0,WITHDRAW,110.0,MOVE_WITHDRAW,0x6E,WITHDRAW,N,,,,,,,,,,
Embargo,53.0,EMBARGO,665.0,MOVE_EMBARGO,0x299,EMBARGO,N,,,,,,,,,,
Hidden Power Ghost,53.0,HIDDENPOWERGHOST,,,,,,,,,,,,,,,
Submission,52.0,SUBMISSION,66.0,MOVE_SUBMISSION,0x42,SUBMISSION,N,,,,,,,,,,
Cotton Spore,52.0,COTTONSPORE,178.0,MOVE_COTTONSPORE,0xB2,COTTONSPORE,N,,,,,,,,,,
Chip Away,51.0,CHIPAWAY,507.0,MOVE_CHIPAWAY,0x1FB,CHIPAWAY,N,,,,,,,,,,
Fire Pledge,43.0,FIREPLEDGE,630.0,MOVE_FIREPLEDGE,0x276,FIREPLEDGE,N,,,,,,,,,,
Play Nice,42.0,PLAYNICE,491.0,MOVE_PLAYNICE,0x1EB,PLAYNICE,N,,,,,,,,,,
Horn Attack,42.0,HORNATTACK,30.0,MOVE_HORNATTACK,0x1E,HORNATTACK,N,,,,,,,,,,
Guard Swap,41.0,GUARDSWAP,519.0,MOVE_GUARDSWAP,0x207,GUARDSWAP,N,,,,,,,,,,
Rototiller,36.0,ROTOTILLER,479.0,MOVE_ROTOTILLER,0x1DF,ROTOTILLER,N,,,,,,,,,,
Pay Day,34.0,PAYDAY,6.0,MOVE_PAYDAY,0x6,PAYDAY,N,,,,,,,,,,
Sky Drop,32.0,SKYDROP,675.0,MOVE_SKYDROP,0x2A3,SKYDROP,Y,,,119.0,,,,,,,
Synchronoise,30.0,SYNCHRONOISE,533.0,MOVE_SYNCHRONOISE,0x215,SYNCHRONOISE,N,,,,,,,,,,
Round,30.0,ROUND,503.0,MOVE_ROUND,0x1F7,ROUND,Y,,,112.0,,,,,,,
Mega Drain,29.0,MEGADRAIN,72.0,MOVE_MEGADRAIN,0x48,MEGADRAIN,N,,,,,,,,,,
Bone Club,29.0,BONECLUB,125.0,MOVE_BONECLUB,0x7D,BONECLUB,N,,,,,,,,,,
Vise Grip,29.0,VISEGRIP,,,,,,,,,,,,,,,
Ion Deluge,28.0,IONDELUGE,648.0,MOVE_IONDELUGE,0x288,IONDELUGE,N,,,,,,,,,,
Steamroller,27.0,STEAMROLLER,420.0,MOVE_STEAMROLLER,0x1A4,STEAMROLLER,N,,,,,,,,,,
Mega Punch,26.0,MEGAPUNCH,5.0,MOVE_MEGAPUNCH,0x5,MEGAPUNCH,N,,,,,,,,,,
Leafage,24.0,LEAFAGE,595.0,MOVE_LEAFAGE,0x253,LEAFAGE,N,,,,,,,,,,
Slam,23.0,SLAM,21.0,MOVE_SLAM,0x15,SLAM,N,,,,,,,,,,
Hold Back,22.0,HOLDBACK,569.0,MOVE_HOLDBACK,0x239,HOLDBACK,N,,,,,,,,,,
Flower Shield,22.0,FLOWERSHIELD,478.0,MOVE_FLOWERSHIELD,0x1DE,FLOWERSHIELD,N,,,,,,,,,,
Spit Up,17.0,SPITUP,255.0,MOVE_SPITUP,0xFF,SPITUP,N,,,,,,,,,,
Comet Punch,17.0,COMETPUNCH,4.0,MOVE_COMETPUNCH,0x4,COMETPUNCH,N,,,,,,,,,,
False Swipe,14.0,FALSESWIPE,206.0,MOVE_FALSESWIPE,0xCE,FALSESWIPE,Y,,,54.0,,,,,,,
Water Pledge,14.0,WATERPLEDGE,631.0,MOVE_WATERPLEDGE,0x277,WATERPLEDGE,N,,,,,,,,,,
Branch Poke,13.0,BRANCHPOKE,701.0,MOVE_BRANCHPOKE,0x2BD,BRANCHPOKE,N,,,,Gen8,,,,,,
Camouflage,13.0,CAMOUFLAGE,293.0,MOVE_CAMOUFLAGE,0x125,CAMOUFLAGE,N,,,,,,,,,,
Sludge,13.0,SLUDGE,124.0,MOVE_SLUDGE,0x7C,SLUDGE,N,,,,,,,,,,
Kinesis,12.0,KINESIS,134.0,MOVE_KINESIS,0x86,KINESIS,N,,,,,,,,,,
Magnet Bomb,12.0,MAGNETBOMB,384.0,MOVE_MAGNETBOMB,0x180,MAGNETBOMB,N,,,,,,,,,,
Flame Burst,11.0,FLAMEBURST,441.0,MOVE_FLAMEBURST,0x1B9,FLAMEBURST,N,,,,,,,,,,
Rage,11.0,RAGE,99.0,MOVE_RAGE,0x63,RAGE,N,,,,,,,,,,
Clamp,10.0,CLAMP,128.0,MOVE_CLAMP,0x80,CLAMP,N,,,,,,,,,,
Heal Block,10.0,HEALBLOCK,647.0,MOVE_HEALBLOCK,0x287,HEALBLOCK,N,,,,,,,,,,
Telekinesis,9.0,TELEKINESIS,657.0,MOVE_TELEKINESIS,0x291,TELEKINESIS,N,,,,,,,,,,
Rock Climb,9.0,ROCKCLIMB,392.0,MOVE_ROCKCLIMB,0x188,ROCKCLIMB,N,,,128.0,,,,,,,
Bestow,9.0,BESTOW,642.0,MOVE_BESTOW,0x282,BESTOW,N,,,,,,,,,,
Poison Tail,7.0,POISONTAIL,342.0,MOVE_POISONTAIL,0x156,POISONTAIL,N,,,,,,,,,,
Bubble,7.0,BUBBLE,145.0,MOVE_BUBBLE,0x91,BUBBLE,N,,,,,,,,,,
Quash,6.0,QUASH,671.0,MOVE_QUASH,0x29F,QUASH,Y,,,115.0,,,,,,,
Thunder Shock,5.0,THUNDERSHOCK,84.0,MOVE_THUNDERSHOCK,0x54,THUNDERSHOCK,N,,,,,,,,,,
After You,4.0,AFTERYOU,669.0,MOVE_AFTERYOU,0x29D,AFTERYOU,N,,,,,,,,,,
Wonder Room,1.0,WONDERROOM,634.0,MOVE_WONDERROOM,0x27A,WONDERROOM,N,,,,,,,,,,
,,,11.0,MOVE_VICEGRIP,0xB,VICEGRIP,N,,,,,,,,,,
,,,27.0,MOVE_ROLLINGKICK,0x1B,ROLLINGKICK,N,,,,,,,,,,
,,,41.0,MOVE_TWINEEDLE,0x29,TWINEEDLE,N,,,,,,,,,,
,,,54.0,MOVE_MIST,0x36,MIST,N,,,,,,,,,,
,,,96.0,MOVE_MEDITATE,0x60,MEDITATE,N,,,,,,,,,,
,,,121.0,MOVE_EGGBOMB,0x79,EGGBOMB,N,,,,,,,,,,
,,,123.0,MOVE_SMOG,0x7B,SMOG,N,,,,,,,,,,
,,,132.0,MOVE_CONSTRICT,0x84,CONSTRICT,N,,,,,,,,,,
,,,139.0,MOVE_POISONGAS,0x8B,POISONGAS,N,,,,,,,,,,
,,,140.0,MOVE_BARRAGE,0x8C,BARRAGE,N,,,,,,,,,,
,,,159.0,MOVE_SHARPEN,0x9F,SHARPEN,N,,,,,,,,,,
,,,165.0,MOVE_STRUGGLE,0xA5,STRUGGLE,N,,,,,,,,,,
,,,166.0,MOVE_SKETCH,0xA6,SKETCH,N,,,,,,,,,,
,,,230.0,MOVE_SWEETSCENT,0xE6,SWEETSCENT,N,,,,,,,,,,
,,,237.0,MOVE_HIDDENPOWER,0xED,HIDDENPOWER,Y,,,10.0,,,,,,,
,,,239.0,MOVE_TWISTER,0xEF,TWISTER,N,,,,,,,,,,
,,,265.0,MOVE_SMELLINGSALTS,0x109,SMELLINGSALTS,N,,,,,,,,,,
,,,346.0,MOVE_WATERSPORT,0x15A,WATERSPORT,N,,,,,,,,,,
,,,355.0,MOVE_LEECHFANG,0x163,LEECHFANG,Y,,,49.0,,,,,,,
,,,385.0,MOVE_MUDBOMB,0x181,MUDBOMB,N,,,,,,,,,,
,,,446.0,MOVE_MIRRORSHOT,0x1BE,MIRRORSHOT,N,,,,,,,,,,
,,,457.0,MOVE_MIRACLEEYE,0x1C9,MIRACLEEYE,N,,,,,,,,,,
,,,499.0,MOVE_STEELYHIT,0x1F3,STEELYHIT,N,,,,,,,,,,
,,,527.0,MOVE_KINGSSHIELD,0x20F,KINGSSHIELD,N,,,,,,,,,,
,,,539.0,MOVE_LANDSWRATH,0x21B,LANDSWRATH,N,,,,,,,,,,
,,,591.0,MOVE_GEARUP,0x24F,GEARUP,N,,,,,,,,,,
,,,600.0,MOVE_NATURESMADNESS,0x258,NATURESMADNESS,N,,,,,,,,,,
,,,605.0,MOVE_PURIFY,0x25D,PURIFY,N,,,,,,,,,,
,,,616.0,MOVE_SPOTLIGHT,0x268,SPOTLIGHT,N,,,,,,,,,,
,,,635.0,MOVE_CRAFTYSHIELD,0x27B,CRAFTYSHIELD,N,,,,,,,,,,
,,,636.0,MOVE_MATBLOCK,0x27C,MATBLOCK,N,,,,,,,,,,
,,,637.0,MOVE_QUICKGUARD,0x27D,QUICKGUARD,N,,,,,,,,,,
,,,640.0,MOVE_AROMATICMIST,0x280,AROMATICMIST,N,,,,,,,,,,
,,,646.0,MOVE_GUARDSPLIT,0x286,GUARDSPLIT,N,,,,,,,,,,
,,,649.0,MOVE_LUCKYCHANT,0x289,LUCKYCHANT,N,,,,,,,,,,
,,,660.0,MOVE_FORESTSCURSE,0x294,FORESTSCURSE,N,,,,,,,,,,
,,,667.0,MOVE_LIGHTOFRUIN,0x29B,LIGHTOFRUIN,N,,,,,,,,,,
,,,668.0,MOVE_TRUMPCARD,0x29C,TRUMPCARD,N,,,,,,,,,,
,,,686.0,MOVE_TEATIME,0x2AE,TEATIME,N,,,,Gen8,,,,,,
,,,697.0,MOVE_BEHEMOTHBLADE,0x2B9,BEHEMOTHBLADE,Y,,Lvl40,,Gen8,,,,,,
,,,698.0,MOVE_BEHEMOTHBASH,0x2BA,BEHEMOTHBASH,Y,,Lvl40,,Gen8,,,,,,
,,,727.0,MOVE_COACHING,0x2D7,COACHING,Y,,Lvl40,,Gen8,,,,,,
